codigo,nombre,tipo,region,comuna,servicio,desde,hasta,dias
25-104,Hospital Dr. Jorge Ibar Bruce (Cisnes),Hospital,De Aisén del Gral. C. Ibáñez del Campo,Cisnes,Servicio de Salud Aysén,2021-01-01,2026-09-11,2062
25-102,Hospital Dr. Leopoldo Ortega Rodríguez (Chile Chico),Hospital,De Aisén del Gral. C. Ibáñez del Campo,Chile Chico,Servicio de Salud Aysén,2021-01-02,2026-10-01,1908
25-103,Hospital Lord Cochrane,Hospital,De Aisén del Gral. C. Ibáñez del Campo,Cochrane,Servicio de Salud Aysén,2021-01-01,2026-10-01,1956
25-100,Hospital Regional de Coyhaique,Hospital,De Aisén del Gral. C. Ibáñez del Campo,Coihaique,Servicio de Salud Aysén,2021-01-01,2026-10-01,2099
25-101,Hospital de Puerto Aysén,Hospital,De Aisén del Gral. C. Ibáñez del Campo,Aisén,Servicio de Salud Aysén,2021-01-01,2026-10-01,2097
25-900,SAPU Dr. Alejandro Gutiérrez,SAPU,De Aisén del Gral. C. Ibáñez del Campo,Coihaique,Servicio de Salud Aysén,2021-01-01,2026-09-27,2093
03-917,Centro Oncológico del Norte (CON),SAPU,De Antofagasta,Antofagasta,Servicio de Salud Antofagasta,2021-01-01,2026-10-04,2103
03-103,Hospital 21 de Mayo (Taltal),Hospital,De Antofagasta,Taltal,Servicio de Salud Antofagasta,2021-01-01,2026-09-24,2078
03-101,Hospital Dr. Carlos Cisternas (Calama),Hospital,De Antofagasta,Calama,Servicio de Salud Antofagasta,2021-01-01,2026-10-01,2099
03-100,Hospital Dr. Leonardo Guzmán (Antofagasta),Hospital,De Antofagasta,Antofagasta,Servicio de Salud Antofagasta,2021-01-01,2026-09-30,2099
03-102,Hospital Dr. Marcos Macuada (Tocopilla),Hospital,De Antofagasta,Tocopilla,Servicio de Salud Antofagasta,2021-01-01,2026-09-30,2078
03-104,Hospital de Mejillones,Hospital,De Antofagasta,Mejillones,Servicio de Salud Antofagasta,2021-01-01,2026-10-01,2094
03-801,SAPU Antonio Rendic,SAPU,De Antofagasta,Antofagasta,Servicio de Salud Antofagasta,2021-01-01,2026-09-13,2047
03-900,SAPU Central Oriente de Antofagasta,SAPU,De Antofagasta,Antofagasta,Servicio de Salud Antofagasta,2021-01-01,2026-08-08,2034
03-901,SAPU Centro Sur de Antofagasta,SAPU,De Antofagasta,Antofagasta,Servicio de Salud Antofagasta,2021-01-01,2026-09-30,2096
03-802,SAPU Corvallis,SAPU,De Antofagasta,Antofagasta,Servicio de Salud Antofagasta,2021-01-01,2026-09-30,2092
03-804,SAPU Juan Pablo II de Antofagasta,SAPU,De Antofagasta,Antofagasta,Servicio de Salud Antofagasta,2021-01-01,2026-10-01,2095
03-806,SAPU Norponiente,SAPU,De Antofagasta,Calama,Servicio de Salud Antofagasta,2021-01-01,2026-09-30,1986
03-800,SAPU Norte de Antofagasta,SAPU,De Antofagasta,Antofagasta,Servicio de Salud Antofagasta,2021-01-01,2026-09-29,2090
03-807,SAPU SUR,SAPU,De Antofagasta,Calama,Servicio de Salud Antofagasta,2021-01-01,2026-10-03,2064
03-910,SAR Alemania,SAR,De Antofagasta,Calama,Servicio de Salud Antofagasta,2021-01-01,2026-10-03,2088
03-926,SAR Coviefi,SAR,De Antofagasta,Antofagasta,Servicio de Salud Antofagasta,2021-01-01,2026-10-03,2100
03-943,SUR Baquedano,SUR,De Antofagasta,Sierra Gorda,Servicio de Salud Antofagasta,2021-01-01,2026-10-03,1825
03-944,SUR María Elena,SUR,De Antofagasta,María Elena,Servicio de Salud Antofagasta,2021-01-01,2026-10-04,2061
03-931,SUR San Pedro Atacama,SUR,De Antofagasta,San Pedro de Atacama,Servicio de Salud Antofagasta,2021-01-01,2026-10-04,2103
200910,SUR San Pedro Atacama,SAR,De Antofagasta,San Pedro de Atacama,Antofagasta,2023-09-18,2023-09-20,3
03-945,SUR Sierra Gorda,SUR,De Antofagasta,Sierra Gorda,Servicio de Salud Antofagasta,2021-01-01,2026-10-04,1999
03-932,SUR Socaire,SUR,De Antofagasta,San Pedro de Atacama,Servicio de Salud Antofagasta,2021-01-01,2026-09-27,2082
01-100,Hospital Regional Dr. Juan Noé Crevani (Arica),Hospital,De Arica y Parinacota,Arica,Servicio de Salud Arica y Parinacota,2021-01-01,2026-10-01,2099
201855,SAPU CORTO Matrona Rosa Vascope Zarzola,SAPU,De Arica y Parinacota,Arica,Servicio de Salud Arica y Parinacota,2025-05-29,2026-09-30,487
01-802,SAPU Marco Antonio Carvajal Moreno,SAPU,De Arica y Parinacota,Arica,Servicio de Salud Arica y Parinacota,2021-01-01,2026-09-30,2096
01-901,SAR E.U. Iris Véliz Hume,SAR,De Arica y Parinacota,Arica,Servicio de Salud Arica y Parinacota,2021-01-01,2026-09-30,2096
01-912,SUR Putre,SUR,De Arica y Parinacota,Putre,Servicio de Salud Arica y Parinacota,2021-01-01,2026-10-01,2074
04-102,Hospital Dr. Florencio Vargas (Diego de Almagro),Hospital,De Atacama,Diego de Almagro,Servicio de Salud Atacama,2021-01-01,2026-10-01,2100
04-101,Hospital Dr. Jerónimo Méndez Arancibia (Chañaral),Hospital,De Atacama,Chañaral,Servicio de Salud Atacama,2021-01-01,2026-10-01,2100
04-104,Hospital Dr. Manuel Magalhaes Medling (Huasco),Hospital,De Atacama,Huasco,Servicio de Salud Atacama,2021-01-01,2026-10-01,2100
04-103,Hospital Provincial del Huasco Monseñor Fernando Ariztía Ruiz (Vallenar),Hospital,De Atacama,Vallenar,Servicio de Salud Atacama,2021-01-01,2026-10-01,2100
04-100,Hospital San José del Carmen (Copiapó),Hospital,De Atacama,Copiapó,Servicio de Salud Atacama,2021-01-01,2026-10-02,2101
04-900,SAPU Baquedano,SAPU,De Atacama,Vallenar,Servicio de Salud Atacama,2021-01-01,2026-09-07,2064
04-901,SAPU Dr. Bernardo Mellibovsky,SAPU,De Atacama,Copiapó,Servicio de Salud Atacama,2021-01-01,2026-10-01,2100
04-909,SAPU El Palomar,SAPU,De Atacama,Copiapó,Servicio de Salud Atacama,2021-01-01,2026-10-01,2100
04-902,SAPU Joan Crawford Astudillo,SAPU,De Atacama,Vallenar,Servicio de Salud Atacama,2021-01-01,2026-10-02,2100
202400,SAR ALTIPLANO NORTE,SAR,De Atacama,Vallenar,Servicio de Salud Atacama,2026-08-26,2026-10-04,40
04-903,SAR Paipote,SAR,De Atacama,Copiapó,Servicio de Salud Atacama,2021-01-01,2026-09-30,2099
04-904,SAR Rosario Corvalán-Caldera,SAR,De Atacama,Caldera,Servicio de Salud Atacama,2021-01-01,2026-10-03,2102
04-929,SUR Alto del Carmen,SUR,De Atacama,Alto del Carmen,Servicio de Salud Atacama,2021-01-01,2026-10-04,2101
04-930,SUR Diego de Almagro,SUR,De Atacama,Diego de Almagro,Servicio de Salud Atacama,2021-01-01,2026-10-01,2100
04-931,SUR Freirina,SUR,De Atacama,Freirina,Servicio de Salud Atacama,2021-01-01,2026-10-01,2100
04-932,SUR Tierra Amarilla,SUR,De Atacama,Tierra Amarilla,Servicio de Salud Atacama,2021-01-01,2026-10-01,2100
05-102,Hospital Dr. Antonio Tirado Lanas de Ovalle,Hospital,De Coquimbo,Ovalle,Servicio de Salud Coquimbo,2021-01-01,2026-10-01,2100
05-103,Hospital Dr. Humberto Elorza Cortés (Illapel),Hospital,De Coquimbo,Illapel,Servicio de Salud Coquimbo,2021-01-01,2026-10-01,2066
05-106,Hospital Dr. José Arraño (Andacollo),Hospital,De Coquimbo,Andacollo,Servicio de Salud Coquimbo,2021-01-01,2026-10-03,2045
05-105,Hospital San Juan de Dios (Combarbalá),Hospital,De Coquimbo,Combarbalá,Servicio de Salud Coquimbo,2021-01-01,2026-09-30,2099
05-100,Hospital San Juan de Dios (La Serena),Hospital,De Coquimbo,La Serena,Servicio de Salud Coquimbo,2021-01-01,2026-10-03,2088
05-107,Hospital San Juan de Dios (Vicuña),Hospital,De Coquimbo,Vicuña,Servicio de Salud Coquimbo,2021-01-01,2026-09-13,1781
05-101,Hospital San Pablo (Coquimbo),Hospital,De Coquimbo,Coquimbo,Servicio de Salud Coquimbo,2021-01-01,2026-10-01,2097
05-108,Hospital San Pedro (Los Vilos),Hospital,De Coquimbo,Los Vilos,Servicio de Salud Coquimbo,2021-01-01,2026-10-01,2090
05-104,Hospital de Salamanca,Hospital,De Coquimbo,Salamanca,Servicio de Salud Coquimbo,2021-01-01,2026-10-01,2095
05-809,SAPU Canela,SAPU,De Coquimbo,Canela,Servicio de Salud Coquimbo,2021-01-01,2026-05-07,1839
05-825,SAPU Cardenal Caro,SAPU,De Coquimbo,La Serena,Servicio de Salud Coquimbo,2021-01-01,2026-10-01,1755
05-823,SAPU Dr. Sergio Aguilar,SAPU,De Coquimbo,Coquimbo,Servicio de Salud Coquimbo,2021-01-01,2026-09-29,2025
05-942,SAPU El Sauce,SAPU,De Coquimbo,Coquimbo,Servicio de Salud Coquimbo,2021-01-01,2026-10-03,1702
05-928,SAPU Fray Jorge,SAPU,De Coquimbo,Ovalle,Servicio de Salud Coquimbo,2021-01-01,2026-10-03,2085
05-817,SAPU Jorge Jordán Domic,SAPU,De Coquimbo,Ovalle,Servicio de Salud Coquimbo,2021-01-01,2026-10-03,1975
05-900,SAPU Juan Pablo II,SAPU,De Coquimbo,La Serena,Servicio de Salud Coquimbo,2021-01-01,2026-10-03,1971
05-801,SAPU Las Compañías,SAPU,De Coquimbo,La Serena,Servicio de Salud Coquimbo,2021-01-01,2026-10-03,1047
05-940,SAPU Lila Cortés,SAPU,De Coquimbo,Coquimbo,Servicio de Salud Coquimbo,2021-01-01,2026-10-01,2096
05-802,SAPU Pedro Aguirre Cerda,SAPU,De Coquimbo,La Serena,Servicio de Salud Coquimbo,2021-01-01,2026-10-03,2048
05-803,SAPU San Juan,SAPU,De Coquimbo,Coquimbo,Servicio de Salud Coquimbo,2021-01-01,2026-09-27,2091
05-804,SAPU Santa Cecilia,SAPU,De Coquimbo,Coquimbo,Servicio de Salud Coquimbo,2021-01-01,2026-10-03,1984
05-826,SAR Emilio Schaffhauser,SAR,De Coquimbo,La Serena,Servicio de Salud Coquimbo,2021-01-01,2026-10-03,2070
05-822,SAR Marcos Macuada,SAR,De Coquimbo,Ovalle,Servicio de Salud Coquimbo,2021-01-01,2026-10-04,1807
05-927,SAR Monte Patria,SAR,De Coquimbo,Monte Patria,Servicio de Salud Coquimbo,2021-01-01,2026-10-04,1962
05-819,SAR Raúl Silva Henríquez,SAR,De Coquimbo,La Serena,Servicio de Salud Coquimbo,2021-01-01,2026-09-30,2036
05-805,SAR Tierras Blancas,SAR,De Coquimbo,Coquimbo,Servicio de Salud Coquimbo,2021-01-01,2026-10-01,2046
201180,SUR El Palqui,SUR,De Coquimbo,Monte Patria,Servicio de Salud Coquimbo,2024-06-25,2026-10-01,714
05-936,SUR La Higuera,SUR,De Coquimbo,La Higuera,Servicio de Salud Coquimbo,2021-01-01,2026-09-22,1765
201177,SUR Pan de Azúcar,SUR,De Coquimbo,Coquimbo,Servicio de Salud Coquimbo,2024-04-01,2026-09-30,275
05-935,SUR Pichasca,SUR,De Coquimbo,Río Hurtado,Servicio de Salud Coquimbo,2021-01-08,2026-10-01,1330
05-934,SUR Punitaqui,SUR,De Coquimbo,Punitaqui,Servicio de Salud Coquimbo,2021-01-01,2026-09-20,1585
05-938,SUR Sotaquí,SUR,De Coquimbo,Ovalle,Servicio de Salud Coquimbo,2021-02-11,2026-08-27,135
05-937,SUR Tamaya,SUR,De Coquimbo,Ovalle,Servicio de Salud Coquimbo,2021-01-01,2026-10-03,822
201178,SUR Tongoy,SUR,De Coquimbo,Coquimbo,Servicio de Salud Coquimbo,2022-05-15,2026-08-31,780
201179,SUR Villa San Rafael,SUR,De Coquimbo,Illapel,Servicio de Salud Coquimbo,2026-05-23,2026-05-25,2
21-932,Complejo Asistencial Padre las Casas,Hospital,De La Araucanía,Padre Las Casas,Servicio de Salud Araucanía Sur,2021-05-12,2026-10-01,1762
21-110,Hospital Dr. Abraham Godoy Peña (Lautaro),Hospital,De La Araucanía,Lautaro,Servicio de Salud Araucanía Sur,2021-01-01,2026-10-01,2100
21-116,Hospital Dr. Arturo Hillerns Larrañaga (Saavedra),Hospital,De La Araucanía,Saavedra,Servicio de Salud Araucanía Sur,2021-01-01,2026-10-01,2100
29-104,Hospital Dr. Dino Stagno M.(Traiguén),Hospital,De La Araucanía,Traiguén,Servicio de Salud Araucanía Norte,2021-01-01,2026-10-01,2100
21-113,Hospital Dr. Eduardo González Galeno (Cunco),Hospital,De La Araucanía,Cunco,Servicio de Salud Araucanía Sur,2021-01-01,2026-10-01,2100
21-109,Hospital Dr. Hernán Henríquez Aravena (Temuco),Hospital,De La Araucanía,Temuco,Servicio de Salud Araucanía Sur,2021-01-01,2026-10-02,2100
29-100,Hospital Dr. Mauricio Heyermann (Angol),Hospital,De La Araucanía,Angol,Servicio de Salud Araucanía Norte,2021-01-01,2026-09-30,2085
29-107,Hospital Dr. Oscar Hernández E.(Curacautín),Hospital,De La Araucanía,Curacautín,Servicio de Salud Araucanía Norte,2021-01-01,2026-10-04,1752
21-115,Hospital Familiar y Comunitario Carahue,Hospital,De La Araucanía,Carahue,Servicio de Salud Araucanía Sur,2021-01-01,2026-10-01,2100
21-120,Hospital Familiar y Comunitario de Loncoche,Hospital,De La Araucanía,Loncoche,Servicio de Salud Araucanía Sur,2021-01-01,2026-10-01,2100
21-201,Hospital Intercultural Makewe,Hospital,De La Araucanía,Padre Las Casas,Servicio de Salud Araucanía Sur,2021-01-01,2026-10-01,2094
21-114,Hospital Intercultural de Nueva Imperial,Hospital,De La Araucanía,Nueva Imperial,Servicio de Salud Araucanía Sur,2021-01-01,2026-10-01,2100
21-200,Hospital San Francisco de Pucón (D),Hospital,De La Araucanía,Pucón,Servicio de Salud Araucanía Sur,2021-01-01,2026-10-01,2099
29-106,Hospital San José de Victoria,Hospital,De La Araucanía,Victoria,Servicio de Salud Araucanía Norte,2021-01-01,2026-09-30,1416
29-103,Hospital de Collipulli,Hospital,De La Araucanía,Collipulli,Servicio de Salud Araucanía Norte,2021-01-01,2026-10-03,2041
21-111,Hospital de Galvarino,Hospital,De La Araucanía,Galvarino,Servicio de Salud Araucanía Sur,2021-01-01,2026-10-01,2098
21-119,Hospital de Gorbea,Hospital,De La Araucanía,Gorbea,Servicio de Salud Araucanía Sur,2021-01-01,2026-10-01,2100
29-108,Hospital de Lonquimay,Hospital,De La Araucanía,Lonquimay,Servicio de Salud Araucanía Norte,2021-01-01,2026-09-30,1705
21-117,Hospital de Pitrufquén,Hospital,De La Araucanía,Pitrufquén,Servicio de Salud Araucanía Sur,2021-01-01,2026-10-01,2100
29-101,Hospital de Purén,Hospital,De La Araucanía,Purén,Servicio de Salud Araucanía Norte,2021-01-01,2026-09-30,2099
21-118,Hospital de Toltén,Hospital,De La Araucanía,Toltén,Servicio de Salud Araucanía Sur,2021-01-01,2026-10-01,2100
21-112,Hospital de Vilcún,Hospital,De La Araucanía,Vilcún,Servicio de Salud Araucanía Sur,2021-01-01,2026-10-01,2100
21-121,Hospital de Villarrica,Hospital,De La Araucanía,Villarrica,Servicio de Salud Araucanía Sur,2021-01-01,2026-09-22,2088
21-900,SAPU Amanecer,SAPU,De La Araucanía,Temuco,Servicio de Salud Araucanía Sur,2021-01-01,2026-10-01,2098
201714,SAPU ERCILLA,SAPU,De La Araucanía,Ercilla,Servicio de Salud Araucanía Norte,2026-05-01,2026-10-03,148
21-903,SAPU Freire,SAPU,De La Araucanía,Freire,Servicio de Salud Araucanía Sur,2021-01-01,2026-10-01,2098
29-900,SAPU Huequén,SAPU,De La Araucanía,Angol,Servicio de Salud Araucanía Norte,2021-01-01,2026-10-03,2095
21-808,SAPU Padre Las Casas,SAPU,De La Araucanía,Padre Las Casas,Servicio de Salud Araucanía Sur,2021-01-01,2026-10-01,2100
21-946,SAPU Pitrufquén,SAPU,De La Araucanía,Pitrufquén,Servicio de Salud Araucanía Sur,2021-01-01,2026-10-01,2100
21-902,SAPU Pueblo Nuevo,SAPU,De La Araucanía,Temuco,Servicio de Salud Araucanía Sur,2021-01-01,2026-10-01,2099
21-806,SAPU Santa Rosa,SAPU,De La Araucanía,Temuco,Servicio de Salud Araucanía Sur,2021-01-01,2026-09-10,2006
21-909,SAPU Villa Alegre,SAPU,De La Araucanía,Temuco,Servicio de Salud Araucanía Sur,2021-01-01,2026-10-01,2100
21-910,SAPU Villarica,SAPU,De La Araucanía,Villarrica,Servicio de Salud Araucanía Sur,2021-01-01,2026-10-01,2098
29-803,SAR Alemania,SAR,De La Araucanía,Angol,Servicio de Salud Araucanía Norte,2021-01-01,2026-08-30,1978
201274,SAR Cajón,SAR,De La Araucanía,Vilcún,Servicio de Salud Araucanía Sur,2023-01-01,2026-09-25,1277
21-933,SAR Conun Huenu,SAR,De La Araucanía,Padre Las Casas,Servicio de Salud Araucanía Sur,2021-01-01,2026-10-01,2100
21-904,SAR Labranza,SAR,De La Araucanía,Temuco,Servicio de Salud Araucanía Sur,2021-01-01,2026-10-01,2099
21-920,SAR Lautaro,SAR,De La Araucanía,Lautaro,Servicio de Salud Araucanía Sur,2021-01-01,2026-10-01,2100
21-905,SAR Los Volcanes,SAR,De La Araucanía,Villarrica,Servicio de Salud Araucanía Sur,2021-01-01,2026-10-01,2098
21-803,SAR Miraflores,SAR,De La Araucanía,Temuco,Servicio de Salud Araucanía Sur,2021-01-01,2026-10-01,2100
21-907,SAR Pedro de Valdivia,SAR,De La Araucanía,Temuco,Servicio de Salud Araucanía Sur,2021-01-01,2026-10-01,2100
29-901,SAR Victoria,SAR,De La Araucanía,Victoria,Servicio de Salud Araucanía Norte,2021-01-01,2026-10-01,1843
21-934,SUR Curarrehue,SUR,De La Araucanía,Curarrehue,Servicio de Salud Araucanía Sur,2021-01-01,2026-10-01,2096
24-380,Centro de Salud Familiar Río Negro Hornopirén,SAPU,De Los Lagos,Hualaihué,Servicio de Salud  Reloncaví,2021-01-01,2026-09-19,1821
23-100,Hospital Base San José de Osorno,Hospital,De Los Lagos,Osorno,Servicio de Salud Osorno,2021-01-01,2026-10-03,2102
33-160,Hospital Comunitario de Achao,Hospital,De Los Lagos,Quinchao,Servicio de Salud Chiloé,2021-01-01,2026-10-01,2100
33-170,Hospital Comunitario de Queilén,Hospital,De Los Lagos,Queilén,Servicio de Salud Chiloé,2021-01-01,2026-10-03,2102
23-104,Hospital Futa Sruka Lawenche Kunko Mapu Mo,Hospital,De Los Lagos,San Juan de la Costa,Servicio de Salud Osorno,2021-01-01,2026-10-03,2092
23-105,Hospital Pu Mulen Quilacahuín,Hospital,De Los Lagos,San Pablo,Servicio de Salud Osorno,2021-01-01,2026-10-01,2088
33-155,Hospital de Ancud,Hospital,De Los Lagos,Ancud,Servicio de Salud Chiloé,2021-01-01,2026-09-27,2096
24-130,Hospital de Calbuco,Hospital,De Los Lagos,Calbuco,Servicio de Salud  Reloncaví,2021-01-01,2026-10-01,2095
33-150,Hospital de Castro,Hospital,De Los Lagos,Castro,Servicio de Salud Chiloé,2021-01-01,2026-10-03,2102
24-976,Hospital de Chaitén,Hospital,De Los Lagos,Chaitén,Servicio de Salud  Reloncaví,2021-01-01,2026-10-01,2058
24-120,Hospital de Fresia,Hospital,De Los Lagos,Fresia,Servicio de Salud  Reloncaví,2021-01-01,2026-06-21,1933
24-115,Hospital de Frutillar,Hospital,De Los Lagos,Frutillar,Servicio de Salud  Reloncaví,2021-01-01,2026-10-04,2020
24-145,Hospital de Futaleufú,Hospital,De Los Lagos,Futaleufú,Servicio de Salud  Reloncaví,2021-01-01,2026-10-01,2055
24-110,Hospital de Llanquihue,Hospital,De Los Lagos,Llanquihue,Servicio de Salud  Reloncaví,2021-01-01,2026-10-01,2012
24-125,Hospital de Maullín,Hospital,De Los Lagos,Maullín,Servicio de Salud  Reloncaví,2021-01-01,2026-10-03,2047
24-140,Hospital de Palena,Hospital,De Los Lagos,Palena,Servicio de Salud  Reloncaví,2021-01-01,2026-09-20,1987
24-105,Hospital de Puerto Montt,Hospital,De Los Lagos,Puerto Montt,Servicio de Salud  Reloncaví,2021-01-01,2026-09-23,2088
23-103,Hospital de Puerto Octay,Hospital,De Los Lagos,Puerto Octay,Servicio de Salud Osorno,2021-01-01,2026-09-30,2099
23-101,Hospital de Purranque Dr. Juan Hepp Dubiau,Hospital,De Los Lagos,Purranque,Servicio de Salud Osorno,2021-01-01,2026-10-01,2099
33-165,Hospital de Quellón,Hospital,De Los Lagos,Quellón,Servicio de Salud Chiloé,2021-01-01,2026-09-30,2099
23-102,Hospital de Río Negro,Hospital,De Los Lagos,Río Negro,Servicio de Salud Osorno,2021-01-01,2026-09-30,2098
24-805,SAPU Angelmó,SAPU,De Los Lagos,Puerto Montt,Servicio de Salud  Reloncaví,2021-01-01,2026-09-23,2085
24-806,SAPU Antonio Varas,SAPU,De Los Lagos,Puerto Montt,Servicio de Salud  Reloncaví,2021-01-01,2026-10-03,2096
24-900,SAPU Carmela Carvajal,SAPU,De Los Lagos,Puerto Montt,Servicio de Salud  Reloncaví,2021-01-01,2026-10-03,2099
202211,SAPU Dalcahue,SAPU,De Los Lagos,Dalcahue,Servicio de Salud Chiloé,2025-10-01,2026-07-28,297
23-985,SAPU Dr. Marcelo Lopetegui Adams,SAPU,De Los Lagos,Osorno,Servicio de Salud Osorno,2021-01-01,2026-10-03,2102
23-800,SAPU Dr. Pedro Jáuregui,SAPU,De Los Lagos,Osorno,Servicio de Salud Osorno,2021-01-01,2026-10-03,2101
23-910,SAPU Entre Lagos,SAPU,De Los Lagos,Puyehue,Servicio de Salud Osorno,2021-01-01,2026-10-01,2097
24-901,SAPU Frutillar,SAPU,De Los Lagos,Frutillar,Servicio de Salud  Reloncaví,2021-01-01,2026-10-03,2081
24-902,SAPU Los Muermos,SAPU,De Los Lagos,Los Muermos,Servicio de Salud  Reloncaví,2021-01-01,2026-10-04,2076
24-881,SAPU Padre Hurtado,SAPU,De Los Lagos,Puerto Montt,Servicio de Salud  Reloncaví,2021-01-01,2026-10-03,2097
23-801,SAPU Rahue Alto,SAPU,De Los Lagos,Osorno,Servicio de Salud Osorno,2021-01-01,2026-10-03,2101
201067,SAR ANCUD,SAR,De Los Lagos,Ancud,Servicio de Salud Chiloé,2021-06-01,2026-10-01,1925
24-895,SAR Alerce,SAR,De Los Lagos,Puerto Montt,Servicio de Salud  Reloncaví,2021-01-01,2026-10-04,2081
33-900,SAR Castro,SAR,De Los Lagos,Castro,Servicio de Salud Chiloé,2021-01-01,2026-10-04,2103
24-810,SAR Puerto Varas,SAR,De Los Lagos,Puerto Varas,Servicio de Salud  Reloncaví,2021-01-01,2026-10-01,2093
23-912,SUR Bahía Mansa,SUR,De Los Lagos,San Juan de la Costa,Servicio de Salud Osorno,2021-01-01,2026-09-27,752
33-915,SUR Chacao,SUR,De Los Lagos,Ancud,Servicio de Salud Chiloé,2021-01-01,2026-10-03,2101
33-912,SUR Chonchi,SUR,De Los Lagos,Chonchi,Servicio de Salud Chiloé,2021-01-01,2026-10-04,2101
201443,SUR Cochamó - Río Puelo,SUR,De Los Lagos,Cochamó,Del Reloncaví,2023-11-07,2023-11-07,1
33-916,SUR Curaco de Vélez,SUR,De Los Lagos,Curaco de Vélez,Servicio de Salud Chiloé,2026-09-01,2026-10-01,27
33-913,SUR Dalcahue,SUR,De Los Lagos,Dalcahue,Servicio de Salud Chiloé,2021-01-01,2026-02-24,1823
23-913,SUR Puaucho,SUR,De Los Lagos,San Juan de la Costa,Servicio de Salud Osorno,2021-01-01,2026-09-27,723
33-914,SUR Puqueldón,SUR,De Los Lagos,Puqueldón,Servicio de Salud Chiloé,2021-01-01,2026-09-28,2097
33-911,SUR Quemchi,SUR,De Los Lagos,Quemchi,Servicio de Salud Chiloé,2021-01-01,2026-10-04,2103
23-911,SUR San Pablo,SUR,De Los Lagos,San Pablo,Servicio de Salud Osorno,2021-01-01,2026-09-27,1971
22-100,Hospital Base Valdivia,Hospital,De Los Ríos,Valdivia,Servicio de Salud Los Rios,2021-01-01,2026-10-03,2102
22-104,Hospital Juan Morey (La Unión),Hospital,De Los Ríos,La Unión,Servicio de Salud Los Rios,2021-01-01,2026-10-03,2102
22-200,Hospital Santa Elisa de San José de la Mariquina,Hospital,De Los Ríos,Mariquina,Servicio de Salud Los Rios,2021-01-01,2026-10-01,2100
22-101,Hospital de Corral,Hospital,De Los Ríos,Corral,Servicio de Salud Los Rios,2021-01-01,2026-10-01,2099
22-103,Hospital de Lanco,Hospital,De Los Ríos,Lanco,Servicio de Salud Los Rios,2021-01-01,2026-10-01,2099
22-102,Hospital de Los Lagos,Hospital,De Los Ríos,Los Lagos,Servicio de Salud Los Rios,2021-01-01,2026-10-03,2101
22-106,Hospital de Paillaco,Hospital,De Los Ríos,Paillaco,Servicio de Salud Los Rios,2021-01-01,2026-10-01,2096
22-201,Hospital de Panguipulli,Hospital,De Los Ríos,Panguipulli,Servicio de Salud Los Rios,2021-01-01,2026-09-27,2081
22-105,Hospital de Río Bueno,Hospital,De Los Ríos,Río Bueno,Servicio de Salud Los Rios,2021-01-01,2026-10-01,2099
22-814,SAPU Angachilla,SAPU,De Los Ríos,Valdivia,Servicio de Salud Los Rios,2021-01-01,2026-09-28,2090
22-900,SAPU Belarmina Paredes,SAPU,De Los Ríos,Futrono,Servicio de Salud Los Rios,2021-01-01,2026-03-15,1895
201161,SAPU Coñaripe,SAPU,De Los Ríos,Panguipulli,Servicio de Salud Los Rios,2023-01-01,2026-03-15,351
22-802,SAPU Dr. Jorge Sabat Gozalo,SAPU,De Los Ríos,Valdivia,Servicio de Salud Los Rios,2021-01-01,2026-10-03,2101
22-801,SAPU Las Ánimas,SAPU,De Los Ríos,Valdivia,Servicio de Salud Los Rios,2021-01-01,2026-10-03,2100
22-922,SAPU Malalhue,SAPU,De Los Ríos,Lanco,Servicio de Salud Los Rios,2021-01-01,2026-09-27,2093
22-902,SAPU Niebla,SAPU,De Los Ríos,Valdivia,Servicio de Salud Los Rios,2021-01-01,2026-10-01,2100
22-925,SAPU Paillaco,SAPU,De Los Ríos,Paillaco,Servicio de Salud Los Rios,2021-03-22,2026-10-03,1076
22-901,SAPU Ranco,SAPU,De Los Ríos,Lago Ranco,Servicio de Salud Los Rios,2021-01-01,2026-09-30,2099
22-812,SAPU Río Bueno,SAPU,De Los Ríos,Río Bueno,Servicio de Salud Los Rios,2021-01-01,2026-10-01,2087
201449,SAPU de Verano Mehuin,SAPU,De Los Ríos,Mariquina,Servicio de Salud Los Rios,2023-12-08,2026-03-16,269
22-908,SAR Barrios Bajos,SAR,De Los Ríos,Valdivia,Servicio de Salud Los Rios,2021-01-01,2026-10-03,2099
202253,SAR FUTRONO,SAR,De Los Ríos,Futrono,Servicio de Salud Los Rios,2026-03-16,2026-09-30,198
22-810,SAR La Unión,SAR,De Los Ríos,La Unión,Servicio de Salud Los Rios,2021-01-01,2026-10-01,2077
22-903,SAR Panguipulli,SAR,De Los Ríos,Panguipulli,Servicio de Salud Los Rios,2021-01-01,2026-10-01,2098
202132,SERVICIO DE URGENCIA RURAL SANTA ROSA,SUR,De Los Ríos,Paillaco,Servicio de Salud Los Rios,2025-10-25,2026-10-03,325
22-923,SUR Choshuenco,SUR,De Los Ríos,Panguipulli,Servicio de Salud Los Rios,2021-01-01,2026-10-01,2048
22-921,SUR Coñaripe,SUR,De Los Ríos,Panguipulli,Servicio de Salud Los Rios,2021-01-01,2026-10-01,2098
202050,SUR LIQUIÑE,SUR,De Los Ríos,Panguipulli,Servicio de Salud Los Rios,2025-10-01,2026-10-01,365
22-919,SUR Mariquina,SUR,De Los Ríos,Mariquina,Servicio de Salud Los Rios,2021-01-01,2026-10-01,2081
22-920,SUR Máfil,SUR,De Los Ríos,Máfil,Servicio de Salud Los Rios,2021-01-01,2026-09-30,2098
22-924,SUR Neltume,SUR,De Los Ríos,Panguipulli,Servicio de Salud Los Rios,2021-01-01,2026-10-01,2053
202064,SUR PIREHUEICO,SUR,De Los Ríos,Panguipulli,Servicio de Salud Los Rios,2025-10-13,2026-09-27,308
26-100,Hospital Clínico de Magallanes Dr. Lautaro Navarro Avaria,Hospital,De Magallanes y de La Antártica Chilena,Punta Arenas,Servicio de Salud Magallanes,2021-01-01,2026-10-01,2100
26-704,Hospital Comunitario Cristina Calderón de Puerto Williams,Hospital,De Magallanes y de La Antártica Chilena,Cabo de Hornos,Servicio de Salud Magallanes,2021-01-01,2026-10-04,2102
26-101,Hospital Dr. Augusto Essmann Burgos ( Natales),Hospital,De Magallanes y de La Antártica Chilena,Natales,Servicio de Salud Magallanes,2021-01-01,2026-10-01,2094
26-102,Hospital Dr. Marco Antonio Chamorro (Porvenir),Hospital,De Magallanes y de La Antártica Chilena,Porvenir,Servicio de Salud Magallanes,2021-01-01,2026-10-04,2102
201079,"SAPU ""Dr. Juan Lozic Perez""",SAPU,De Magallanes y de La Antártica Chilena,Natales,Servicio de Salud Magallanes,2021-06-30,2026-10-02,1895
26-900,SAPU 18 de Septiembre,SAPU,De Magallanes y de La Antártica Chilena,Punta Arenas,Servicio de Salud Magallanes,2021-01-01,2026-10-03,2078
201069,SAPU Carlos  Ibañez,SAPU,De Magallanes y de La Antártica Chilena,Punta Arenas,Servicio de Salud Magallanes,2021-06-05,2026-10-03,1908
26-800,SAPU Dr. Mateo Bencur,SAPU,De Magallanes y de La Antártica Chilena,Punta Arenas,Servicio de Salud Magallanes,2021-01-01,2026-10-03,2077
26-801,SAR Dr. Juan Damianovic,SAR,De Magallanes y de La Antártica Chilena,Punta Arenas,Servicio de Salud Magallanes,2021-01-01,2026-09-27,2086
02-924,CEAR Camiña,CEAR,De Tarapacá,Camiña,Iquique,2021-01-01,2024-04-10,1183
02-925,CEAR Colchane,CEAR,De Tarapacá,Colchane,Iquique,2021-01-01,2024-05-05,1220
02-923,CEAR Pica,CEAR,De Tarapacá,Pica,Iquique,2021-01-01,2023-06-18,773
02-100,Hospital Dr. Ernesto Torres Galdames (Iquique),Hospital,De Tarapacá,Iquique,Servicio de Salud Tarapacá,2021-01-01,2026-10-03,2102
201319,Hospital de Alto Hospicio,Hospital,De Tarapacá,Alto Hospicio,Servicio de Salud Tarapacá,2024-04-01,2026-10-03,798
02-800,SAPU Cirujano Aguirre,SAPU,De Tarapacá,Iquique,Servicio de Salud Tarapacá,2021-01-01,2026-10-04,2103
02-802,SAPU Cirujano Guzmán,SAPU,De Tarapacá,Iquique,Servicio de Salud Tarapacá,2021-01-01,2026-10-03,2102
02-801,SAPU Cirujano Videla,SAPU,De Tarapacá,Iquique,Servicio de Salud Tarapacá,2021-01-01,2026-10-04,2078
201147,SAPU Dr. Héctor Reyno Gutiérrez,SAPU,De Tarapacá,Alto Hospicio,Servicio de Salud Tarapacá,2022-01-17,2026-10-03,1709
02-807,SAPU El Boro,SAPU,De Tarapacá,Alto Hospicio,Servicio de Salud Tarapacá,2021-01-01,2026-10-03,2102
02-900,SAPU Huara,SAPU,De Tarapacá,Huara,Servicio de Salud Tarapacá,2021-01-01,2026-10-02,2095
02-928,SAR La Tortuga,SAR,De Tarapacá,Alto Hospicio,Servicio de Salud Tarapacá,2021-03-11,2026-10-03,2033
02-803,SAR Pozo Almonte,SAR,De Tarapacá,Pozo Almonte,Servicio de Salud Tarapacá,2021-01-01,2026-10-04,2064
02-806,SAR Sur de Iquique,SAR,De Tarapacá,Iquique,Servicio de Salud Tarapacá,2021-01-01,2026-10-04,2102
02-922,SUR Camiña,SUR,De Tarapacá,Camiña,Servicio de Salud Tarapacá,2021-01-01,2026-09-30,2083
02-919,SUR Cariquima,SUR,De Tarapacá,Colchane,Servicio de Salud Tarapacá,2021-01-01,2026-10-03,2071
02-917,SUR Chanavayita,SUR,De Tarapacá,Iquique,Servicio de Salud Tarapacá,2021-01-01,2026-10-04,2100
02-918,SUR Colchane,SUR,De Tarapacá,Colchane,Servicio de Salud Tarapacá,2021-01-01,2026-10-04,2103
201562,SUR La Tirana,SUR,De Tarapacá,Pozo Almonte,Servicio de Salud Tarapacá,2024-07-01,2026-10-03,794
02-921,SUR Pica,SUR,De Tarapacá,Pica,Servicio de Salud Tarapacá,2021-01-01,2026-10-03,2081
02-920,SUR Tarapacá,SUR,De Tarapacá,Huara,Servicio de Salud Tarapacá,2021-01-01,2026-09-27,2084
06-916,CEAR El Tabo,CEAR,De Valparaíso,El Tabo,Valparaíso San Antonio,2021-01-01,2023-04-10,733
06-920,CEAR Rocas de Santo Domingo,CEAR,De Valparaíso,Santo Domingo,Valparaíso San Antonio,2021-01-01,2024-05-08,1014
06-314,Centro de Salud Familiar San Antonio,CEAR,De Valparaíso,San Antonio,Valparaíso San Antonio,2021-01-01,2023-04-02,819
06-330,Centro de Salud Familiar San José de Rodelillo,CEAR,De Valparaíso,Valparaíso,Servicio de Salud Valparaíso San Antonio,2026-02-14,2026-02-14,1
07-108,Hospital Adriana Cousiño (Quintero),Hospital,De Valparaíso,Quintero,Servicio de Salud Viña del Mar Quillota,2021-01-01,2026-10-01,2098
07-101,Hospital Biprovincial Quillota Petorca,Hospital,De Valparaíso,Quillota,Servicio de Salud Viña del Mar Quillota,2021-01-01,2026-10-01,2096
06-100,Hospital Carlos Van Buren (Valparaíso),Hospital,De Valparaíso,Valparaíso,Servicio de Salud Valparaíso San Antonio,2021-01-01,2026-10-01,2100
06-103,Hospital Claudio Vicuña (San Antonio),Hospital,De Valparaíso,San Antonio,Servicio de Salud Valparaíso San Antonio,2021-01-01,2026-10-01,2100
07-100,Hospital Dr. Gustavo Fricke (Viña del Mar),Hospital,De Valparaíso,Viña del Mar,Servicio de Salud Viña del Mar Quillota,2021-01-01,2026-10-01,2100
07-103,Hospital Dr. Mario Sánchez Vergara (La Calera),Hospital,De Valparaíso,Calera,Servicio de Salud Viña del Mar Quillota,2021-01-01,2026-10-01,2100
07-106,Hospital Dr. Víctor Hugo Moll (Cabildo),Hospital,De Valparaíso,Cabildo,Servicio de Salud Viña del Mar Quillota,2021-01-01,2026-09-30,2098
12-107,Hospital Hanga Roa (Isla De Pascua),Hospital,De Valparaíso,Isla de Pascua,Servicio de Salud Metropolitano Oriente,2021-01-01,2026-10-04,2103
07-109,"Hospital Juana Ross de Edwards (Peñablanca, Villa Alemana)",Hospital,De Valparaíso,Villa Alemana,Servicio de Salud Viña del Mar Quillota,2021-01-01,2026-10-01,2100
08-105,Hospital Psiquiátrico Dr. Philippe Pinel (Putaendo),Hospital,De Valparaíso,Putaendo,Servicio de Salud Aconcagua,2021-01-01,2026-10-01,2099
07-105,Hospital San Agustín (La Ligua),Hospital,De Valparaíso,La Ligua,Servicio de Salud Viña del Mar Quillota,2021-01-01,2026-10-01,2100
08-104,Hospital San Antonio (Putaendo),Hospital,De Valparaíso,Putaendo,Servicio de Salud Aconcagua,2021-01-01,2026-10-01,2079
08-100,Hospital San Camilo de San Felipe,Hospital,De Valparaíso,San Felipe,Servicio de Salud Aconcagua,2021-01-01,2026-10-01,2100
08-102,Hospital San Francisco (Llaillay),Hospital,De Valparaíso,Llaillay,Servicio de Salud Aconcagua,2021-01-01,2026-10-01,2100
06-105,Hospital San José (Casablanca),Hospital,De Valparaíso,Casablanca,Servicio de Salud Valparaíso San Antonio,2021-01-01,2026-10-01,2100
08-101,Hospital San Juan de Dios (Los Andes),Hospital,De Valparaíso,Los Andes,Servicio de Salud Aconcagua,2021-01-01,2026-10-01,2100
07-104,Hospital Santo Tomás (Limache),Hospital,De Valparaíso,Limache,Servicio de Salud Viña del Mar Quillota,2021-01-01,2026-10-01,2100
07-107,Hospital de Petorca,Hospital,De Valparaíso,Petorca,Servicio de Salud Viña del Mar Quillota,2021-01-01,2026-10-01,2100
07-102,Hospital de Quilpué,Hospital,De Valparaíso,Quilpué,Servicio de Salud Viña del Mar Quillota,2021-01-01,2026-10-01,2058
201145,SAPU  Maitencillo,SAPU,De Valparaíso,Puchuncaví,Servicio de Salud Viña del Mar Quillota,2023-01-06,2026-08-31,290
06-827,SAPU Algarrobo,SAPU,De Valparaíso,Algarrobo,Servicio de Salud Valparaíso San Antonio,2021-01-01,2026-10-03,2102
07-821,SAPU Artificio,SAPU,De Valparaíso,Calera,Servicio de Salud Viña del Mar Quillota,2021-01-01,2026-10-01,2099
201085,SAPU Aviador Acevedo,SAPU,De Valparaíso,Quilpué,Servicio de Salud Viña del Mar Quillota,2021-07-01,2026-09-30,1909
06-900,SAPU Barrancas,SAPU,De Valparaíso,San Antonio,Servicio de Salud Valparaíso San Antonio,2021-01-01,2026-10-03,2102
06-826,SAPU Cartagena,SAPU,De Valparaíso,Cartagena,Servicio de Salud Valparaíso San Antonio,2021-01-01,2026-10-01,2100
07-948,SAPU Catapilco,SAPU,De Valparaíso,Zapallar,Servicio de Salud Viña del Mar Quillota,2021-03-01,2026-03-31,483
08-900,SAPU Centenario,SAPU,De Valparaíso,Los Andes,Servicio de Salud Aconcagua,2021-01-01,2026-05-12,117
06-901,SAPU Diputado Manuel Bustos Huerta,SAPU,De Valparaíso,San Antonio,Servicio de Salud Valparaíso San Antonio,2021-01-01,2026-10-03,2102
07-828,SAPU Eduardo Frei Montalva,SAPU,De Valparaíso,Villa Alemana,Servicio de Salud Viña del Mar Quillota,2021-01-01,2026-10-01,2096
06-828,SAPU El Quisco,SAPU,De Valparaíso,El Quisco,Servicio de Salud Valparaíso San Antonio,2021-01-01,2026-04-12,582
06-909,SAPU El Tabo,SAPU,De Valparaíso,El Tabo,Servicio de Salud Valparaíso San Antonio,2021-01-01,2026-04-12,595
07-900,SAPU Gómez Carreño,SAPU,De Valparaíso,Viña del Mar,Servicio de Salud Viña del Mar Quillota,2021-01-01,2026-10-03,2095
07-901,SAPU Las Torres,SAPU,De Valparaíso,Viña del Mar,Servicio de Salud Viña del Mar Quillota,2021-01-01,2026-10-03,2091
07-953,SAPU Los Molles,SAPU,De Valparaíso,La Ligua,Servicio de Salud Viña del Mar Quillota,2021-03-01,2026-03-31,467
06-902,SAPU Marcelo Mena,SAPU,De Valparaíso,Valparaíso,Servicio de Salud Valparaíso San Antonio,2021-01-01,2026-10-03,2102
07-802,SAPU Miraflores (Viña del Mar),SAPU,De Valparaíso,Viña del Mar,Servicio de Salud Viña del Mar Quillota,2021-01-01,2026-08-31,2064
07-800,SAPU Nueva Aurora,SAPU,De Valparaíso,Viña del Mar,Servicio de Salud Viña del Mar Quillota,2021-01-01,2026-10-04,2054
07-951,SAPU PAPUDO,SAPU,De Valparaíso,Papudo,Servicio de Salud Viña del Mar Quillota,2022-03-01,2026-04-15,411
07-950,SAPU PUCHUNCAVÍ,SAPU,De Valparaíso,Puchuncaví,Servicio de Salud Viña del Mar Quillota,2021-03-01,2026-04-01,148
06-800,SAPU Placeres,SAPU,De Valparaíso,Valparaíso,Servicio de Salud Valparaíso San Antonio,2021-01-01,2026-10-01,2100
06-804,SAPU Placilla,SAPU,De Valparaíso,Valparaíso,Servicio de Salud Valparaíso San Antonio,2021-01-01,2026-10-03,2101
07-906,SAPU Pompeya,SAPU,De Valparaíso,Quilpué,Servicio de Salud Viña del Mar Quillota,2021-01-01,2026-09-30,2083
06-811,SAPU Quebrada Verde,SAPU,De Valparaíso,Valparaíso,Servicio de Salud Valparaíso San Antonio,2021-01-01,2026-10-03,2102
07-905,SAPU Quillota,SAPU,De Valparaíso,Quillota,Servicio de Salud Viña del Mar Quillota,2021-01-01,2025-09-03,208
06-903,SAPU Reina Isabel II,SAPU,De Valparaíso,Valparaíso,Servicio de Salud Valparaíso San Antonio,2021-01-01,2026-10-03,2070
07-903,SAPU Reñaca Alto,SAPU,De Valparaíso,Viña del Mar,Servicio de Salud Viña del Mar Quillota,2021-01-01,2026-10-03,2023
201574,SAPU Rodelillo,SAPU,De Valparaíso,Valparaíso,Servicio de Salud Valparaíso San Antonio,2024-07-01,2026-10-04,806
08-811,SAPU San Felipe,SAPU,De Valparaíso,San Felipe,Servicio de Salud Aconcagua,2021-01-01,2026-10-01,2100
07-904,SAPU San Pedro,SAPU,De Valparaíso,Quillota,Servicio de Salud Viña del Mar Quillota,2021-01-01,2026-10-01,2086
07-815,SAPU Ventanas,SAPU,De Valparaíso,Puchuncaví,Servicio de Salud Viña del Mar Quillota,2022-01-01,2026-03-08,385
07-949,SAPU  Dr. Johow (Zapallar),SAPU,De Valparaíso,Zapallar,Servicio de Salud Viña del Mar Quillota,2021-03-01,2026-03-31,487
07-952,SAPU  Manuel Lucero (Olmué),SAPU,De Valparaíso,Olmué,Servicio de Salud Viña del Mar Quillota,2021-09-01,2026-03-31,425
08-912,SAR Centenario,SAR,De Valparaíso,Los Andes,Servicio de Salud Aconcagua,2021-03-28,2026-10-01,1999
07-805,SAR Concón,SAR,De Valparaíso,Concón,Servicio de Salud Viña del Mar Quillota,2021-01-01,2026-10-01,2097
07-808,SAR El Belloto Sur,SAR,De Valparaíso,Quilpué,Servicio de Salud Viña del Mar Quillota,2021-01-01,2026-09-30,2081
202373,SAR Miraflores,SAR,De Valparaíso,Viña del Mar,Servicio de Salud Viña del Mar Quillota,2026-08-31,2026-08-31,1
06-829,SAR Nestor Fernández Thomas,SAR,De Valparaíso,San Antonio,Servicio de Salud Valparaíso San Antonio,2021-01-01,2026-10-03,2102
06-904,SAR Plan de Valparaíso,SAR,De Valparaíso,Valparaíso,Servicio de Salud Valparaíso San Antonio,2021-01-01,2026-10-04,2102
201070,SAR Quillota,SAR,De Valparaíso,Quillota,Servicio de Salud Viña del Mar Quillota,2021-07-01,2026-10-01,1913
201038,SUR Calle Larga,SUR,De Valparaíso,Calle Larga,Servicio de Salud Aconcagua,2022-01-01,2026-10-01,1734
201169,SUR Catemu,SUR,De Valparaíso,Catemu,Servicio de Salud Aconcagua,2022-01-01,2026-10-01,1618
201215,SUR Dr. Jorge Ahumada Lemus,SUR,De Valparaíso,Santa María,Servicio de Salud Aconcagua,2022-06-01,2026-10-01,1573
06-917,SUR El Quisco,SUR,De Valparaíso,El Quisco,Servicio de Salud Valparaíso San Antonio,2021-02-28,2026-10-02,1769
06-918,SUR El Tabo,SUR,De Valparaíso,El Tabo,Servicio de Salud Valparaíso San Antonio,2021-03-17,2026-10-01,1641
07-961,SUR HIJUELAS,SUR,De Valparaíso,Hijuelas,Servicio de Salud Viña del Mar Quillota,2022-07-01,2026-10-01,1545
06-912,SUR Juan Fernández,SUR,De Valparaíso,Juan Fernández,Servicio de Salud Valparaíso San Antonio,2021-01-01,2026-09-06,1918
201719,SUR LA VEGA,SUR,De Valparaíso,Cabildo,Servicio de Salud Viña del Mar Quillota,2025-03-01,2026-09-30,574
07-960,SUR LAS PARCELAS,SUR,De Valparaíso,La Ligua,Servicio de Salud Viña del Mar Quillota,2021-03-01,2026-10-01,2007
07-955,SUR LAS VENTANAS,SUR,De Valparaíso,Puchuncaví,Servicio de Salud Viña del Mar Quillota,2021-04-01,2026-10-01,1903
201527,SUR La Cruz,SUR,De Valparaíso,La Cruz,Servicio de Salud Viña del Mar Quillota,2025-03-01,2026-09-30,578
06-914,SUR Laguna Verde,SUR,De Valparaíso,Valparaíso,Servicio de Salud Valparaíso San Antonio,2021-01-01,2026-10-02,2030
07-959,SUR NOGALES,SUR,De Valparaíso,Nogales,Servicio de Salud Viña del Mar Quillota,2021-03-01,2026-10-01,1986
07-957,SUR PAPUDO,SUR,De Valparaíso,Papudo,Servicio de Salud Viña del Mar Quillota,2021-08-01,2026-10-01,1484
07-956,SUR Puchuncaví,SUR,De Valparaíso,Puchuncaví,Servicio de Salud Viña del Mar Quillota,2021-03-31,2026-10-01,1889
202045,SUR Rinconada,SUR,De Valparaíso,Rinconada,Servicio de Salud Aconcagua,2025-08-01,2026-09-27,422
202044,SUR San Esteban,SUR,De Valparaíso,San Esteban,Servicio de Salud Aconcagua,2025-07-29,2026-10-01,428
07-954,SUR  Dr. Johow (Zapallar),SUR,De Valparaíso,Zapallar,Servicio de Salud Viña del Mar Quillota,2021-03-30,2026-09-30,1878
07-958,SUR  Manuel Lucero (Olmué),SUR,De Valparaíso,Olmué,Servicio de Salud Viña del Mar Quillota,2021-06-01,2026-10-01,1747
201131,Sur Loncura,SUR,De Valparaíso,Quintero,Servicio de Salud Viña del Mar Quillota,2025-03-01,2026-10-01,562
17-101,Hospital Clínico Herminda Martín (Chillán),Hospital,De Ñuble,Chillán,Servicio de Salud Ñuble,2021-01-01,2026-10-01,2100
17-108,Hospital Comunitario de Salud Familiar Dr. Eduardo Contreras Trabucco de Coelemu,Hospital,De Ñuble,Coelemu,Servicio de Salud Ñuble,2021-01-01,2026-10-03,2102
17-104,Hospital Comunitario de Salud Familiar Pedro Morales Campos (Yungay),Hospital,De Ñuble,Yungay,Servicio de Salud Ñuble,2021-01-01,2026-10-01,2100
17-103,Hospital Comunitario de Salud Familiar de Bulnes,Hospital,De Ñuble,Bulnes,Servicio de Salud Ñuble,2021-01-01,2026-10-01,2100
17-107,Hospital Comunitario de Salud Familiar de El Carmen,Hospital,De Ñuble,El Carmen,Servicio de Salud Ñuble,2021-01-01,2026-10-03,2102
17-106,Hospital Comunitario de Salud Familiar de Quirihue,Hospital,De Ñuble,Quirihue,Servicio de Salud Ñuble,2021-01-01,2026-10-01,2100
17-102,Hospital de San Carlos,Hospital,De Ñuble,San Carlos,Servicio de Salud Ñuble,2021-01-01,2026-10-03,2102
17-828,SAPU Dr. Federico Puga,SAPU,De Ñuble,Chillán Viejo,Servicio de Salud Ñuble,2021-01-01,2026-10-01,2100
17-900,SAPU Isabel Riquelme,SAPU,De Ñuble,Chillán,Servicio de Salud Ñuble,2021-01-01,2026-10-01,2100
17-811,SAPU José Durán Trujillo,SAPU,De Ñuble,San Carlos,Servicio de Salud Ñuble,2021-01-01,2026-09-30,2099
17-824,SAPU Los Volcanes,SAPU,De Ñuble,Chillán,Servicio de Salud Ñuble,2021-01-01,2026-10-01,2099
17-906,SAR Dra. Michelle Bachelet Jeria,SAR,De Ñuble,Chillán Viejo,Servicio de Salud Ñuble,2021-01-01,2026-10-01,2100
201849,SAR Michelle Chandía Alarcón,SAR,De Ñuble,Coihueco,Servicio de Salud Ñuble,2025-01-01,2026-09-29,637
201707,SAR Ultraestación,SAR,De Ñuble,Chillán,Servicio de Salud Ñuble,2024-07-12,2026-10-03,814
17-801,SAR Violeta Parra,SAR,De Ñuble,Chillán,Servicio de Salud Ñuble,2021-01-01,2026-10-01,2100
17-912,SUR Cobquecura,SUR,De Ñuble,Cobquecura,Servicio de Salud Ñuble,2021-01-01,2026-09-29,2098
17-918,SUR Dr. David Benavente de Ninhue,SUR,De Ñuble,Ninhue,Servicio de Salud Ñuble,2021-01-01,2026-10-01,2100
17-921,SUR Michelle Chandía Alarcón,SUR,De Ñuble,Coihueco,Servicio de Salud Ñuble,2021-01-01,2025-10-06,1499
17-915,SUR Pemuco,SUR,De Ñuble,Pemuco,Servicio de Salud Ñuble,2021-01-01,2026-09-29,2097
17-920,SUR Pinto,SUR,De Ñuble,Pinto,Servicio de Salud Ñuble,2021-01-01,2026-10-01,2100
17-910,SUR Portezuelo,SUR,De Ñuble,Portezuelo,Servicio de Salud Ñuble,2021-01-01,2026-09-30,2099
17-911,SUR Quillón,SUR,De Ñuble,Quillón,Servicio de Salud Ñuble,2021-01-01,2026-09-10,2079
17-922,SUR Quiriquina,SUR,De Ñuble,San Ignacio,Servicio de Salud Ñuble,2021-01-01,2026-09-30,2099
17-914,SUR San Fabián,SUR,De Ñuble,San Fabián,Servicio de Salud Ñuble,2021-01-01,2026-09-29,2098
17-913,SUR San Ignacio,SUR,De Ñuble,San Ignacio,Servicio de Salud Ñuble,2021-01-01,2026-10-01,2100
17-916,SUR San Nicolás,SUR,De Ñuble,San Nicolás,Servicio de Salud Ñuble,2021-01-01,2026-10-01,2100
17-924,SUR Treguaco,SUR,De Ñuble,Treguaco,Servicio de Salud Ñuble,2021-01-01,2026-10-01,1851
17-919,SUR Ñipas,SUR,De Ñuble,Ránquil,Servicio de Salud Ñuble,2021-01-01,2026-09-30,2099
17-917,SUR Ñiquén,SUR,De Ñuble,Ñiquén,Servicio de Salud Ñuble,2021-01-01,2026-09-28,2096
20-101,Complejo Asistencial Dr. Víctor Ríos Ruiz (Los Ángeles),Hospital,Del Bíobío,Los Ángeles,Servicio de Salud Biobío,2021-01-01,2026-10-01,2100
18-107,Hospital Clorinda Avello (Santa Juana),Hospital,Del Bíobío,Santa Juana,Servicio de Salud Concepción,2021-01-01,2026-10-04,2097
18-100,Hospital Clínico Regional Dr. Guillermo Grant Benavente (Concepción),Hospital,Del Bíobío,Concepción,Servicio de Salud Concepción,2021-01-01,2026-10-03,2102
20-107,Hospital Comunitario Dr. Roberto Muñoz Urrutia de Huépil,Hospital,Del Bíobío,Tucapel,Servicio de Salud Biobío,2021-01-01,2026-10-03,2102
20-105,Hospital Comunitario de Laja,Hospital,Del Bíobío,Laja,Servicio de Salud Biobío,2021-01-01,2026-10-01,2098
20-106,Hospital Comunitario de Santa Bárbara,Hospital,Del Bíobío,Santa Bárbara,Servicio de Salud Biobío,2021-01-01,2026-09-30,2096
20-104,Hospital Comunitario de Yumbel,Hospital,Del Bíobío,Yumbel,Servicio de Salud Biobío,2021-01-01,2026-10-01,2100
20-103,Hospital Comunitario y Familiar de Nacimiento,Hospital,Del Bíobío,Nacimiento,Servicio de Salud Biobío,2021-01-01,2026-10-01,2096
28-111,Hospital Intercultural Kallvu Llanka (Cañete),Hospital,Del Bíobío,Cañete,Servicio de Salud Arauco,2021-01-01,2026-10-01,2099
19-100,Hospital Las Higueras (Talcahuano),Hospital,Del Bíobío,Talcahuano,Servicio de Salud Talcahuano,2021-01-01,2026-10-03,2102
19-102,Hospital Penco Lirquén,Hospital,Del Bíobío,Penco,Servicio de Salud Talcahuano,2021-01-01,2026-10-01,2099
28-109,Hospital Provincial Dr. Rafael Avaría (Curanilahue),Hospital,Del Bíobío,Curanilahue,Servicio de Salud Arauco,2021-01-01,2026-10-01,2099
18-108,Hospital San Agustín de Florida,Hospital,Del Bíobío,Florida,Servicio de Salud Concepción,2021-01-01,2026-10-04,2103
18-105,Hospital San José de Coronel,Hospital,Del Bíobío,Coronel,Servicio de Salud Concepción,2021-01-01,2026-10-01,2100
28-113,Hospital San Vicente de Arauco,Hospital,Del Bíobío,Arauco,Servicio de Salud Arauco,2021-01-01,2026-09-30,2099
28-112,Hospital de Contulmo,Hospital,Del Bíobío,Contulmo,Servicio de Salud Arauco,2021-01-01,2026-10-01,2099
28-110,Hospital de Lebu,Hospital,Del Bíobío,Lebu,Servicio de Salud Arauco,2021-01-01,2026-10-01,2089
18-106,Hospital de Lota,Hospital,Del Bíobío,Lota,Servicio de Salud Concepción,2021-01-01,2026-10-04,2103
20-102,Hospital de Mulchén,Hospital,Del Bíobío,Mulchén,Servicio de Salud Biobío,2021-01-01,2026-10-01,2095
19-101,Hospital de Tomé,Hospital,Del Bíobío,Tomé,Servicio de Salud Talcahuano,2021-01-01,2026-09-27,2091
20-900,SAPU 2 Septiembre,SAPU,Del Bíobío,Los Ángeles,Servicio de Salud Biobío,2021-01-01,2026-10-03,2089
19-807,SAPU Alcalde Leocán Portus,SAPU,Del Bíobío,Talcahuano,Servicio de Salud Talcahuano,2021-01-01,2026-09-28,2077
19-900,SAPU Bellavista,SAPU,Del Bíobío,Tomé,Servicio de Salud Talcahuano,2021-01-01,2026-10-03,2101
28-900,SAPU Eleuterio Ramírez,SAPU,Del Bíobío,Curanilahue,Servicio de Salud Arauco,2021-01-01,2026-10-03,2102
18-826,SAPU Hualqui,SAPU,Del Bíobío,Hualqui,Servicio de Salud Concepción,2021-01-01,2026-10-03,2102
18-810,SAPU Juan Soto Fernández,SAPU,Del Bíobío,Concepción,Servicio de Salud Concepción,2021-01-01,2026-10-04,2103
19-986,SAPU La Floresta,SAPU,Del Bíobío,Hualpén,Servicio de Salud Talcahuano,2021-01-01,2026-10-01,2093
18-812,SAPU Lagunillas,SAPU,Del Bíobío,Coronel,Servicio de Salud Concepción,2021-01-01,2026-10-04,2103
18-814,SAPU Leonera,SAPU,Del Bíobío,Chiguayante,Servicio de Salud Concepción,2021-01-01,2026-10-04,2103
18-818,SAPU Loma Colorada,SAPU,Del Bíobío,San Pedro de la Paz,Servicio de Salud Concepción,2021-01-01,2026-10-04,2103
18-809,SAPU Lorenzo Arenas,SAPU,Del Bíobío,Concepción,Servicio de Salud Concepción,2021-01-01,2026-10-04,2103
20-901,SAPU Nororiente,SAPU,Del Bíobío,Los Ángeles,Servicio de Salud Biobío,2021-01-01,2026-10-03,2086
20-902,SAPU Nuevo Horizonte,SAPU,Del Bíobío,Los Ángeles,Servicio de Salud Biobío,2021-01-01,2026-09-27,2095
201078,SAPU O'HIGGINS,SAPU,Del Bíobío,Concepción,Servicio de Salud Concepción,2021-06-27,2026-10-04,1926
20-811,SAPU Paillihue,SAPU,Del Bíobío,Los Ángeles,Servicio de Salud Biobío,2021-01-01,2026-10-03,2102
19-803,SAPU Paulina Avendaño Pereda,SAPU,Del Bíobío,Talcahuano,Servicio de Salud Talcahuano,2021-01-01,2026-10-03,2100
18-817,SAPU Santa Sabina,SAPU,Del Bíobío,Concepción,Servicio de Salud Concepción,2021-01-01,2026-10-04,2103
19-809,SAPU Talcahuano Sur,SAPU,Del Bíobío,Hualpén,Servicio de Salud Talcahuano,2021-01-01,2026-09-29,2096
18-813,SAPU Yobilo,SAPU,Del Bíobío,Coronel,Servicio de Salud Concepción,2021-01-01,2026-10-04,2098
19-808,SAPU los Cerros,SAPU,Del Bíobío,Talcahuano,Servicio de Salud Talcahuano,2021-01-01,2026-06-07,151
18-924,SAR Boca Sur,SAR,Del Bíobío,San Pedro de la Paz,Servicio de Salud Concepción,2021-01-01,2026-10-04,2099
20-805,SAR Cabrero,SAR,Del Bíobío,Cabrero,Servicio de Salud Biobío,2021-01-01,2026-09-29,2089
201140,SAR Carlos Pinto Fierro,SAR,Del Bíobío,Coronel,Servicio de Salud Concepción,2022-01-03,2026-10-04,1736
18-912,SAR Chiguayante,SAR,Del Bíobío,Chiguayante,Servicio de Salud Concepción,2021-01-01,2026-10-04,2103
19-805,SAR Dr. Alberto Reyes,SAR,Del Bíobío,Tomé,Servicio de Salud Talcahuano,2021-01-01,2026-09-29,2094
18-977,SAR Dr. Juan Cartes Arias,SAR,Del Bíobío,Lota,Servicio de Salud Concepción,2021-01-01,2026-10-04,2103
20-909,SAR Entre Ríos,SAR,Del Bíobío,Los Ángeles,Servicio de Salud Biobío,2021-01-01,2026-09-01,2069
19-801,SAR Hualpencillo,SAR,Del Bíobío,Hualpén,Servicio de Salud Talcahuano,2021-01-01,2026-10-03,2097
19-912,SAR Los Cerros,SAR,Del Bíobío,Talcahuano,Talcahuano,2021-03-01,2023-12-31,1036
201018,SAR Los Cerros,SAR,Del Bíobío,Talcahuano,Servicio de Salud Talcahuano,2024-01-01,2026-10-01,996
28-901,SAR Los Álamos,SAR,Del Bíobío,Los Álamos,Servicio de Salud Arauco,2021-01-01,2026-10-01,2100
20-815,SAR Norte,SAR,Del Bíobío,Los Ángeles,Servicio de Salud Biobío,2021-01-01,2026-10-01,2100
19-804,SAR Penco,SAR,Del Bíobío,Penco,Servicio de Salud Talcahuano,2021-01-01,2026-10-03,2102
18-913,SAR San Pedro,SAR,Del Bíobío,San Pedro de la Paz,Servicio de Salud Concepción,2021-01-01,2026-10-04,2103
19-802,SAR San Vicente,SAR,Del Bíobío,Talcahuano,Servicio de Salud Talcahuano,2021-01-01,2026-10-04,2097
28-903,SAR Tirua,SAR,Del Bíobío,Tirúa,Servicio de Salud Arauco,2021-01-01,2026-10-04,2091
18-806,SAR Tucapel,SAR,Del Bíobío,Concepción,Servicio de Salud Concepción,2021-01-01,2026-10-01,2100
18-902,SAR Víctor Manuel Fernández,SAR,Del Bíobío,Concepción,Servicio de Salud Concepción,2021-01-01,2026-10-03,2099
201850,SUR Antiquina,SUR,Del Bíobío,Cañete,Servicio de Salud Arauco,2026-03-03,2026-10-01,203
20-917,SUR Antuco,SUR,Del Bíobío,Antuco,Servicio de Salud Biobío,2022-01-01,2026-09-13,1707
28-906,SUR Carampangue,SUR,Del Bíobío,Arauco,Servicio de Salud Arauco,2021-01-01,2026-09-27,2088
19-911,SUR Dichato,SUR,Del Bíobío,Tomé,Servicio de Salud Talcahuano,2021-01-01,2026-08-30,2068
201359,SUR LEBU NORTE,SUR,Del Bíobío,Lebu,Servicio de Salud Arauco,2023-07-09,2026-10-01,1180
28-904,SUR Laraquete,SUR,Del Bíobío,Arauco,Servicio de Salud Arauco,2021-01-01,2026-09-28,2096
20-918,SUR Monteaguila,SUR,Del Bíobío,Cabrero,Servicio de Salud Biobío,2021-01-15,2026-10-02,1731
20-920,SUR Negrete,SUR,Del Bíobío,Negrete,Servicio de Salud Biobío,2021-01-03,2026-06-01,1128
20-919,SUR Quilleco,SUR,Del Bíobío,Quilleco,Bíobío,2021-01-02,2023-06-10,246
20-922,SUR Ralco,SUR,Del Bíobío,Alto Biobío,Servicio de Salud Biobío,2021-01-01,2026-09-01,2070
20-921,SUR San Rosendo,SUR,Del Bíobío,San Rosendo,Servicio de Salud Biobío,2021-01-01,2026-09-21,1895
20-916,SUR Santa Fe,SUR,Del Bíobío,Los Ángeles,Servicio de Salud Biobío,2021-01-01,2026-10-03,2101
28-907,SUR Tubul,SUR,Del Bíobío,Arauco,Servicio de Salud Arauco,2021-01-01,2026-10-01,2086
201187,SUR Tucapel,SUR,Del Bíobío,Tucapel,Servicio de Salud Biobío,2022-04-28,2026-10-01,1609
15-103,Hospital Del Salvador de Peumo,Hospital,Del Libertador B. O'Higgins,Peumo,Servicio de Salud O'Higgins,2021-01-01,2026-10-01,2100
15-100,Hospital Dr. Franco Ravera Zunino,Hospital,Del Libertador B. O'Higgins,Rancagua,Servicio de Salud O'Higgins,2021-01-01,2026-10-03,2102
15-104,Hospital Dr. Ricardo Valenzuela Sáez (Rengo),Hospital,Del Libertador B. O'Higgins,Rengo,Servicio de Salud O'Higgins,2021-01-01,2026-09-30,2099
15-108,Hospital Mercedes de Chimbarongo,Hospital,Del Libertador B. O'Higgins,Chimbarongo,Servicio de Salud O'Higgins,2021-01-01,2026-10-04,2103
15-107,Hospital San Juan de Dios de San Fernando,Hospital,Del Libertador B. O'Higgins,San Fernando,Servicio de Salud O'Higgins,2021-01-01,2026-10-01,2100
15-105,Hospital San Vicente de Tagua -Tagua,Hospital,Del Libertador B. O'Higgins,San Vicente,Servicio de Salud O'Higgins,2021-01-01,2026-10-01,2100
15-101,Hospital Santa Filomena de Graneros,Hospital,Del Libertador B. O'Higgins,Graneros,Servicio de Salud O'Higgins,2021-01-01,2026-10-03,2102
15-102,Hospital de Coínco,Hospital,Del Libertador B. O'Higgins,Coinco,Servicio de Salud O'Higgins,2021-01-01,2026-10-02,2101
15-114,Hospital de Litueche,Hospital,Del Libertador B. O'Higgins,Litueche,Servicio de Salud O'Higgins,2021-01-01,2026-10-01,2100
15-113,Hospital de Lolol,Hospital,Del Libertador B. O'Higgins,Lolol,Servicio de Salud O'Higgins,2021-01-01,2026-10-03,2102
15-111,Hospital de Marchigüe,Hospital,Del Libertador B. O'Higgins,Marchihue,Servicio de Salud O'Higgins,2021-01-01,2026-10-04,2103
15-109,Hospital de Nancagua,Hospital,Del Libertador B. O'Higgins,Nancagua,Servicio de Salud O'Higgins,2021-01-01,2026-10-03,2102
15-106,Hospital de Pichidegua,Hospital,Del Libertador B. O'Higgins,Pichidegua,Servicio de Salud O'Higgins,2021-01-01,2026-10-01,2100
15-112,Hospital de Pichilemu,Hospital,Del Libertador B. O'Higgins,Pichilemu,Servicio de Salud O'Higgins,2021-01-01,2026-10-03,2102
15-110,Hospital de Santa Cruz,Hospital,Del Libertador B. O'Higgins,Santa Cruz,Servicio de Salud O'Higgins,2021-01-01,2026-10-01,2100
15-802,SAPU Abel Zapata,SAPU,Del Libertador B. O'Higgins,Rancagua,Servicio de Salud O'Higgins,2021-01-01,2026-10-02,2101
15-900,SAPU Centro,SAPU,Del Libertador B. O'Higgins,San Fernando,Servicio de Salud O'Higgins,2021-01-01,2026-10-01,2086
15-801,SAPU Eduardo de Geyter,SAPU,Del Libertador B. O'Higgins,Rancagua,Servicio de Salud O'Higgins,2021-01-01,2026-10-01,2100
15-901,SAPU Ignacio Caroca,SAPU,Del Libertador B. O'Higgins,Rancagua,Servicio de Salud O'Higgins,2021-01-01,2026-10-01,2100
15-805,SAPU Machalí,SAPU,Del Libertador B. O'Higgins,Machalí,Servicio de Salud O'Higgins,2021-01-01,2026-10-03,2102
15-823,SAPU Oriente de San Fernando,SAPU,Del Libertador B. O'Higgins,San Fernando,Servicio de Salud O'Higgins,2021-01-01,2026-10-02,2096
15-902,SAPU Rosario,SAPU,Del Libertador B. O'Higgins,Rengo,Servicio de Salud O'Higgins,2021-01-01,2026-10-04,2102
15-925,SAR Dr. Rienzi Valencia,SAR,Del Libertador B. O'Higgins,Rengo,Servicio de Salud O'Higgins,2021-01-01,2026-10-04,2103
15-800,SAR Enrique Dintrans,SAR,Del Libertador B. O'Higgins,Rancagua,Servicio de Salud O'Higgins,2021-01-01,2026-10-03,2102
15-803,SAR María Latife,SAR,Del Libertador B. O'Higgins,Rancagua,Servicio de Salud O'Higgins,2021-01-01,2026-10-04,2103
15-850,SAR Oriente,SAR,Del Libertador B. O'Higgins,Rancagua,Servicio de Salud O'Higgins,2021-01-01,2026-10-01,2100
15-929,SAR San Vicente de Tagua Tagua,SAR,Del Libertador B. O'Higgins,San Vicente,Servicio de Salud O'Higgins,2021-01-01,2026-10-03,2102
15-926,SAR Santa Cruz,SAR,Del Libertador B. O'Higgins,Santa Cruz,Servicio de Salud O'Higgins,2021-01-01,2026-10-04,2103
15-941,SUR Chépica,SUR,Del Libertador B. O'Higgins,Chépica,Servicio de Salud O'Higgins,2021-01-01,2026-09-30,2097
15-952,SUR Codegua,SUR,Del Libertador B. O'Higgins,Codegua,Servicio de Salud O'Higgins,2021-01-01,2026-10-04,2103
15-939,SUR Coltauco,SUR,Del Libertador B. O'Higgins,Coltauco,Servicio de Salud O'Higgins,2021-01-01,2026-10-02,2101
15-951,SUR Doñihue,SUR,Del Libertador B. O'Higgins,Doñihue,Servicio de Salud O'Higgins,2021-01-01,2026-09-30,2096
201194,SUR Gultro,SUR,Del Libertador B. O'Higgins,Olivar,Servicio de Salud O'Higgins,2022-05-23,2026-10-01,1330
15-950,SUR La Estrella,SUR,Del Libertador B. O'Higgins,La Estrella,Servicio de Salud O'Higgins,2021-01-01,2026-10-01,2100
15-936,SUR Las Cabras,SUR,Del Libertador B. O'Higgins,Las Cabras,Servicio de Salud O'Higgins,2021-01-01,2026-10-03,2102
15-948,SUR Navidad,SUR,Del Libertador B. O'Higgins,Navidad,Servicio de Salud Valparaíso San Antonio,2021-01-01,2026-10-01,2100
15-953,SUR Olivar,SUR,Del Libertador B. O'Higgins,Olivar,Servicio de Salud O'Higgins,2021-01-01,2026-10-01,2098
15-949,SUR Paredones,SUR,Del Libertador B. O'Higgins,Paredones,Servicio de Salud O'Higgins,2021-01-01,2026-10-01,2100
15-935,SUR Peralillo,SUR,Del Libertador B. O'Higgins,Peralillo,Servicio de Salud O'Higgins,2021-01-01,2026-10-03,2102
15-956,SUR Peumo,SUR,Del Libertador B. O'Higgins,Peumo,Libertador B. O'Higgins,2021-01-01,2023-02-18,723
15-938,SUR Placilla,SUR,Del Libertador B. O'Higgins,Placilla,Servicio de Salud O'Higgins,2021-01-01,2026-10-04,2103
201815,SUR Quinta de Tilcoco,SUR,Del Libertador B. O'Higgins,Quinta de Tilcoco,Servicio de Salud O'Higgins,2025-03-01,2026-10-01,553
15-955,SUR Requínoa,SUR,Del Libertador B. O'Higgins,Requínoa,Servicio de Salud O'Higgins,2021-01-01,2026-10-01,2100
15-937,SUR San Francisco de Mostazal,SUR,Del Libertador B. O'Higgins,Mostazal,Servicio de Salud O'Higgins,2021-01-01,2026-10-01,2100
15-954,SUR de Malloa,SUR,Del Libertador B. O'Higgins,Malloa,Servicio de Salud O'Higgins,2021-01-01,2026-10-01,2098
16-309,Centro de Salud Familiar San Juan Dios,CEAR,Del Maule,Linares,Del Maule,2021-01-01,2023-11-17,376
16-109,Hospital Dr. Abel Fuentealba Lagos de San Javier,Hospital,Del Maule,San Javier,Servicio de Salud Maule,2021-01-01,2026-10-01,2095
16-112,Hospital Dr. Benjamín Pedreros (Chanco),Hospital,Del Maule,Chanco,Servicio de Salud Maule,2021-01-01,2026-10-01,2100
16-105,Hospital Dr. César Garavagno Burotto (Talca),Hospital,Del Maule,Talca,Servicio de Salud Maule,2021-01-01,2026-10-01,2100
16-108,Hospital Presidente Carlos Ibáñez del Campo (Linares),Hospital,Del Maule,Linares,Servicio de Salud Maule,2021-01-01,2026-10-03,2102
16-110,Hospital San José (Parral),Hospital,Del Maule,Parral,Servicio de Salud Maule,2021-01-01,2026-10-01,2100
16-111,Hospital San Juan de Dios (Cauquenes),Hospital,Del Maule,Cauquenes,Servicio de Salud Maule,2021-01-01,2026-10-01,2100
16-100,Hospital San Juan de Dios (Curicó),Hospital,Del Maule,Curicó,Servicio de Salud Maule,2021-01-01,2026-10-01,2100
16-107,Hospital de Constitución,Hospital,Del Maule,Constitución,Servicio de Salud Maule,2021-01-01,2026-10-01,2100
16-106,Hospital de Curepto,Hospital,Del Maule,Curepto,Servicio de Salud Maule,2021-01-01,2026-10-01,2099
16-103,Hospital de Hualañé,Hospital,Del Maule,Hualañé,Servicio de Salud Maule,2021-01-01,2026-10-01,2099
16-104,Hospital de Licantén,Hospital,Del Maule,Licantén,Servicio de Salud Maule,2021-01-01,2026-10-01,2095
16-102,Hospital de Molina,Hospital,Del Maule,Molina,Servicio de Salud Maule,2021-01-01,2026-10-01,2100
16-101,Hospital de Teno,Hospital,Del Maule,Teno,Servicio de Salud Maule,2021-01-01,2026-10-01,2100
16-820,SAPU Amanda Benavente,SAPU,Del Maule,Longaví,Servicio de Salud Maule,2021-01-01,2026-10-01,2100
16-803,SAPU Curicó Centro,SAPU,Del Maule,Curicó,Servicio de Salud Maule,2021-01-01,2026-10-04,2103
16-805,SAPU José Dionisio Astaburuaga,SAPU,Del Maule,Talca,Servicio de Salud Maule,2021-01-01,2026-10-04,2101
16-807,SAPU Julio Contardo Urzúa,SAPU,Del Maule,Talca,Servicio de Salud Maule,2021-01-01,2026-10-04,2101
16-963,SAPU Maule,SAPU,Del Maule,Maule,Servicio de Salud Maule,2021-01-01,2026-10-04,2093
16-823,SAPU Oscar Bonilla,SAPU,Del Maule,Linares,Servicio de Salud Maule,2021-01-01,2026-10-04,2094
202386,SAPU San Javier,SAPU,Del Maule,San Javier,Servicio de Salud Maule,2026-08-16,2026-10-03,49
16-900,SAPU Valentín Letelier,SAPU,Del Maule,Linares,Servicio de Salud Maule,2021-01-01,2026-10-04,2095
16-801,SAR Aguas Negras,SAR,Del Maule,Curicó,Servicio de Salud Maule,2021-01-01,2026-10-04,2103
16-802,SAR Bombero Garrido,SAR,Del Maule,Curicó,Servicio de Salud Maule,2021-01-01,2026-10-04,2103
16-831,SAR Carlos Trupp,SAR,Del Maule,Talca,Servicio de Salud Maule,2021-01-01,2026-10-04,2101
16-832,SAR Constitución,SAR,Del Maule,Constitución,Servicio de Salud Maule,2021-01-01,2026-10-03,2102
16-829,SAR Dr. Juan Saavedra Macaya,SAR,Del Maule,Cauquenes,Servicio de Salud Maule,2021-01-01,2026-10-01,2100
16-806,SAR La Florida,SAR,Del Maule,Talca,Servicio de Salud Maule,2021-01-01,2026-10-04,2102
16-840,SAR Las Américas,SAR,Del Maule,Talca,Servicio de Salud Maule,2021-01-01,2026-10-03,2099
16-813,SAR Luis Tobar Rojas,SAR,Del Maule,San Clemente,Servicio de Salud Maule,2021-01-01,2026-10-01,2100
16-811,SAR Parral,SAR,Del Maule,Parral,Servicio de Salud Maule,2021-01-01,2026-10-01,2100
16-809,SAR San Juan de Dios de Linares,SAR,Del Maule,Linares,Servicio de Salud Maule,2021-01-01,2026-10-04,2090
16-932,SAR Villa Alegre,SAR,Del Maule,Villa Alegre,Servicio de Salud Maule,2021-01-01,2026-10-03,2101
16-969,SUR Colbun,SUR,Del Maule,Colbún,Servicio de Salud Maule,2021-01-01,2026-10-04,2098
16-971,SUR Curanipe,SUR,Del Maule,Pelluhue,Servicio de Salud Maule,2021-01-01,2026-10-02,2085
16-968,SUR El Aromo,SUR,Del Maule,San Javier,Servicio de Salud Maule,2021-01-01,2026-10-03,2094
16-958,SUR El Colorado,SUR,Del Maule,San Clemente,Servicio de Salud Maule,2021-01-01,2026-10-01,2098
16-957,SUR El Álamo,SUR,Del Maule,San Clemente,Servicio de Salud Maule,2021-01-01,2026-10-01,2088
16-964,SUR Empedrado,SUR,Del Maule,Empedrado,Servicio de Salud Maule,2021-01-01,2026-10-03,2096
16-948,SUR Iloca,SUR,Del Maule,Licantén,Servicio de Salud Maule,2021-01-01,2026-10-03,2094
201043,SUR La Huerta de Hualañé,SUR,Del Maule,Hualañé,Servicio de Salud Maule,2021-04-06,2026-10-01,1993
16-947,SUR Lontue,SUR,Del Maule,Molina,Servicio de Salud Maule,2021-01-01,2026-10-03,2095
16-944,SUR Los Niches,SUR,Del Maule,Curicó,Servicio de Salud Maule,2021-01-01,2026-10-02,2100
16-966,SUR Marta Estevez - Retiro,SUR,Del Maule,Retiro,Servicio de Salud Maule,2021-01-01,2026-10-04,2101
16-954,SUR Mercedes,SUR,Del Maule,Talca,Servicio de Salud Maule,2021-01-01,2026-10-03,2086
16-946,SUR Morza,SUR,Del Maule,Teno,Servicio de Salud Maule,2021-01-01,2026-10-03,2057
16-970,SUR Panimavida,SUR,Del Maule,Colbún,Servicio de Salud Maule,2021-01-01,2026-10-04,2097
16-960,SUR Pelarco,SUR,Del Maule,Pelarco,Servicio de Salud Maule,2021-01-01,2026-10-04,2093
16-962,SUR Pencahue,SUR,Del Maule,Pencahue,Servicio de Salud Maule,2021-01-01,2026-09-29,2098
16-956,SUR Putu,SUR,Del Maule,Constitución,Servicio de Salud Maule,2021-01-01,2026-10-03,2100
16-950,SUR Rauco,SUR,Del Maule,Rauco,Servicio de Salud Maule,2021-01-01,2026-10-01,2093
16-951,SUR Romeral,SUR,Del Maule,Romeral,Servicio de Salud Maule,2021-01-01,2026-10-01,2092
16-959,SUR Río Claro,SUR,Del Maule,Río Claro,Servicio de Salud Maule,2021-01-01,2026-10-04,2092
16-952,SUR Sagrada Familia,SUR,Del Maule,Sagrada Familia,Servicio de Salud Maule,2021-01-01,2026-10-01,2076
16-961,SUR San Rafael,SUR,Del Maule,San Rafael,Servicio de Salud Maule,2021-01-01,2026-10-03,2088
16-955,SUR Santa Olga,SUR,Del Maule,Constitución,Servicio de Salud Maule,2021-01-01,2026-10-03,2101
16-945,SUR Sarmiento,SUR,Del Maule,Curicó,Servicio de Salud Maule,2021-01-01,2026-10-03,2094
16-965,SUR Vara Gruesa,SUR,Del Maule,Linares,Servicio de Salud Maule,2021-01-01,2026-10-03,2090
16-949,SUR Vichuquén,SUR,Del Maule,Vichuquén,Servicio de Salud Maule,2021-01-01,2026-10-03,2068
16-953,SUR Villa Prat,SUR,Del Maule,Sagrada Familia,Servicio de Salud Maule,2021-01-01,2026-10-01,2083
16-967,SUR Yerbas Buenas,SUR,Del Maule,Yerbas Buenas,Servicio de Salud Maule,2021-01-01,2026-10-04,2099
12-320,Centro de Salud Familiar Juan Pablo II ( La Reina),CEAR,Metropolitana de Santiago,La Reina,Servicio de Salud Metropolitano Oriente,2021-01-01,2026-09-13,979
14-101,"Complejo Hospitalario Dr. Sótero del Río (Santiago, Puente Alto)",Hospital,Metropolitana de Santiago,Puente Alto,Servicio de Salud Metropolitano Sur - Oriente,2021-01-01,2026-10-01,2100
09-100,"Complejo Hospitalario San José (Santiago, Independencia)",Hospital,Metropolitana de Santiago,Independencia,Servicio de Salud Metropolitano Norte,2021-01-01,2026-10-01,2096
10-120,Hospital  Félix Bulnes Cerda,Hospital,Metropolitana de Santiago,Cerro Navia,Servicio de Salud Metropolitano Occidente,2021-01-01,2026-09-30,2099
10-130,Hospital Adalberto Steeger (Talagante),Hospital,Metropolitana de Santiago,Talagante,Servicio de Salud Metropolitano Occidente,2021-01-01,2026-10-01,2100
13-100,"Hospital Barros Luco Trudeau (Santiago, San Miguel)",Hospital,Metropolitana de Santiago,San Miguel,Servicio de Salud Metropolitano Sur,2021-01-01,2026-10-03,2102
11-101,Hospital Clínico Metropolitano El Carmen Doctor Luis Valentín Ferrada,Hospital,Metropolitana de Santiago,Maipú,Servicio de Salud Metropolitano Central,2021-01-01,2026-10-01,2100
14-105,Hospital Clínico Metropolitano La Florida Dra. Eloísa Díaz Insunza,Hospital,Metropolitana de Santiago,La Florida,Servicio de Salud Metropolitano Sur - Oriente,2021-01-01,2026-09-29,2098
11-100,Hospital Clínico San Borja Arriarán,Hospital,Metropolitana de Santiago,Santiago,Servicio de Salud Metropolitano Central,2021-01-01,2026-09-30,1968
09-101,"Hospital Clínico de Niños Dr. Roberto del Río (Santiago, Independencia)",Hospital,Metropolitana de Santiago,Independencia,Servicio de Salud Metropolitano Norte,2021-01-01,2026-09-30,2098
09-104,Hospital Comunitario de Til Til,Hospital,Metropolitana de Santiago,Tiltil,Servicio de Salud Metropolitano Norte,2021-01-01,2026-09-27,2045
12-100,Hospital Del Salvador de Santiago,Hospital,Metropolitana de Santiago,Providencia,Servicio de Salud Metropolitano Oriente,2021-01-01,2026-10-03,2101
13-130,"Hospital Dr. Exequiel González Cortés (Santiago, San Miguel)",Hospital,Metropolitana de Santiago,San Miguel,Servicio de Salud Metropolitano Sur,2021-01-01,2026-09-29,2098
12-101,"Hospital Dr. Luis Tisné B. (Santiago, Peñalolén)",Hospital,Metropolitana de Santiago,Peñalolén,Servicio de Salud Metropolitano Oriente,2021-01-01,2026-10-03,2102
13-180,"Hospital El Pino (Santiago, San Bernardo)",Hospital,Metropolitana de Santiago,San Bernardo,Servicio de Salud Metropolitano Sur,2021-01-01,2026-10-02,2099
14-103,Hospital Padre Alberto Hurtado (San Ramón),Hospital,Metropolitana de Santiago,San Ramón,Servicio de Salud Metropolitano Sur - Oriente,2021-01-01,2026-10-03,2102
13-190,Hospital Parroquial de San Bernardo (D),Hospital,Metropolitana de Santiago,San Bernardo,Servicio de Salud Metropolitano Sur,2021-01-01,2026-10-01,2100
10-150,Hospital San José (Melipilla),Hospital,Metropolitana de Santiago,Melipilla,Servicio de Salud Metropolitano Occidente,2021-01-01,2026-10-01,2100
14-102,Hospital San José de Maipo,Hospital,Metropolitana de Santiago,San José de Maipo,Servicio de Salud Metropolitano Sur - Oriente,2021-01-01,2026-10-01,2099
10-100,Hospital San Juan de Dios (Santiago),Hospital,Metropolitana de Santiago,Santiago,Servicio de Salud Metropolitano Occidente,2021-01-01,2026-10-01,2100
13-150,Hospital San Luis (Buin),Hospital,Metropolitana de Santiago,Buin,Servicio de Salud Metropolitano Sur,2021-01-01,2026-10-01,2100
10-160,Hospital de Curacaví,Hospital,Metropolitana de Santiago,Curacaví,Servicio de Salud Metropolitano Occidente,2021-01-01,2026-10-01,2100
12-102,Hospital de Niños Dr. Luis Calvo Mackenna,Hospital,Metropolitana de Santiago,Providencia,Servicio de Salud Metropolitano Oriente,2021-01-01,2026-10-03,2102
10-140,Hospital de Peñaflor,Hospital,Metropolitana de Santiago,Peñaflor,Servicio de Salud Metropolitano Occidente,2021-01-01,2026-10-01,2100
11-195,Hospital de Urgencia Asistencia Pública Dr. Alejandro del Río,Hospital,Metropolitana de Santiago,Santiago,Servicio de Salud Metropolitano Central,2021-01-01,2026-10-01,2100
09-102,"Instituto Psiquiátrico Dr. José Horwitz Barak (Santiago, Recoleta)",Hospital,Metropolitana de Santiago,Recoleta,Servicio de Salud Metropolitano Norte,2021-03-14,2026-10-01,1986
10-110,Instituto Traumatológico Dr. Teodoro Gebauer,Hospital,Metropolitana de Santiago,Santiago,Servicio de Salud Metropolitano Occidente,2021-01-01,2026-10-01,2100
12-904,SAPU Aguilucho,SAPU,Metropolitana de Santiago,Providencia,Servicio de Salud Metropolitano Oriente,2021-01-01,2026-10-03,2101
09-808,SAPU Alberto Bachelet Martínez,SAPU,Metropolitana de Santiago,Conchalí,Servicio de Salud Metropolitano Norte,2021-01-01,2026-10-03,2095
12-806,SAPU Aníbal Ariztía,SAPU,Metropolitana de Santiago,Las Condes,Servicio de Salud Metropolitano Oriente,2021-01-01,2026-10-03,2102
14-820,SAPU Bernardo Leighton,SAPU,Metropolitana de Santiago,Puente Alto,Servicio de Salud Metropolitano Sur - Oriente,2021-01-01,2026-10-02,2083
13-890,SAPU Buin,SAPU,Metropolitana de Santiago,Buin,Servicio de Salud Metropolitano Sur,2021-01-01,2026-10-01,2100
14-821,SAPU Cardenal Silva Henríquez de Puente Alto,SAPU,Metropolitana de Santiago,Puente Alto,Servicio de Salud Metropolitano Sur - Oriente,2021-01-01,2026-10-03,2087
12-820,SAPU Centro de Urgencia Ñuñoa,SAPU,Metropolitana de Santiago,Ñuñoa,Servicio de Salud Metropolitano Oriente,2021-01-01,2026-04-18,1855
13-808,SAPU Clara Estrella,SAPU,Metropolitana de Santiago,Lo Espejo,Servicio de Salud Metropolitano Sur,2021-01-01,2026-10-03,2102
13-815,SAPU Confraternidad,SAPU,Metropolitana de Santiago,San Bernardo,Servicio de Salud Metropolitano Sur,2021-01-01,2026-10-03,2099
11-800,SAPU Consultorio Nº1,SAPU,Metropolitana de Santiago,Santiago,Servicio de Salud Metropolitano Central,2021-01-01,2026-10-01,2100
09-890,SAPU Cristo Vive,SAPU,Metropolitana de Santiago,Recoleta,Servicio de Salud Metropolitano Norte,2021-01-01,2026-04-22,1864
13-814,SAPU Cóndores de Chile,SAPU,Metropolitana de Santiago,El Bosque,Servicio de Salud Metropolitano Sur,2021-01-01,2026-10-04,2103
201063,SAPU DR. AGUSTIN CRUZ MELO,SAPU,Metropolitana de Santiago,Independencia,Servicio de Salud Metropolitano Norte,2021-01-01,2026-10-03,2094
10-916,SAPU Dr. Adalberto Steeger,SAPU,Metropolitana de Santiago,Cerro Navia,Servicio de Salud Metropolitano Occidente,2021-01-01,2026-09-29,2085
10-901,SAPU Dr. Alberto Allende Jones,SAPU,Metropolitana de Santiago,Talagante,Servicio de Salud Metropolitano Occidente,2021-01-01,2026-09-30,2098
14-801,SAPU Dr. Alejandro del Río,SAPU,Metropolitana de Santiago,Puente Alto,Servicio de Salud Metropolitano Sur - Oriente,2021-01-01,2026-10-03,2089
10-902,SAPU Dr. Arturo Albertz,SAPU,Metropolitana de Santiago,Cerro Navia,Servicio de Salud Metropolitano Occidente,2021-01-01,2026-09-30,2099
10-903,SAPU Dr. Avendaño,SAPU,Metropolitana de Santiago,Lo Prado,Servicio de Salud Metropolitano Occidente,2021-01-01,2026-10-04,2102
13-812,SAPU Dr. Carlos Lorca,SAPU,Metropolitana de Santiago,El Bosque,Servicio de Salud Metropolitano Sur,2021-01-01,2026-10-03,2102
10-917,SAPU Dr. Edelberto Elgueta,SAPU,Metropolitana de Santiago,Melipilla,Servicio de Salud Metropolitano Occidente,2021-01-01,2026-05-03,1935
14-816,SAPU Dr. Fernando Maffioletti,SAPU,Metropolitana de Santiago,La Florida,Servicio de Salud Metropolitano Sur - Oriente,2021-01-01,2026-10-01,2100
10-904,SAPU Dr. Fernando Monckeberg,SAPU,Metropolitana de Santiago,Peñaflor,Servicio de Salud Metropolitano Occidente,2021-01-01,2026-10-01,2099
10-905,SAPU Dr. Francisco Boris Soler,SAPU,Metropolitana de Santiago,Melipilla,Servicio de Salud Metropolitano Occidente,2021-01-01,2026-10-04,2103
10-906,SAPU Dr. Gustavo Molina,SAPU,Metropolitana de Santiago,Pudahuel,Servicio de Salud Metropolitano Occidente,2021-01-01,2026-03-16,1828
11-901,SAPU Dr. Iván Insunza,SAPU,Metropolitana de Santiago,Maipú,Servicio de Salud Metropolitano Central,2021-01-01,2026-10-03,2102
14-912,SAPU Dr. José Manuel Balmaceda,SAPU,Metropolitana de Santiago,Pirque,Servicio de Salud Metropolitano Sur - Oriente,2021-01-01,2026-10-03,2080
11-805,SAPU Dr. Norman Voulliéme,SAPU,Metropolitana de Santiago,Cerrillos,Servicio de Salud Metropolitano Central,2021-01-01,2026-10-03,2102
11-809,SAPU Dra. Ana María Juricic,SAPU,Metropolitana de Santiago,Maipú,Servicio de Salud Metropolitano Central,2021-01-01,2026-10-01,2098
13-820,SAPU Dra. Mariela Salgado,SAPU,Metropolitana de Santiago,Lo Espejo,Servicio de Salud Metropolitano Sur,2021-01-01,2026-10-03,2097
13-831,SAPU Edgardo Enríquez Froedden,SAPU,Metropolitana de Santiago,Pedro Aguirre Cerda,Servicio de Salud Metropolitano Sur,2021-01-01,2026-09-30,2098
13-826,SAPU Eduardo Frei Montalva,SAPU,Metropolitana de Santiago,La Cisterna,Servicio de Salud Metropolitano Sur,2021-01-01,2026-10-03,2102
10-918,SAPU El Monte,SAPU,Metropolitana de Santiago,El Monte,Servicio de Salud Metropolitano Occidente,2021-01-01,2026-10-04,2103
14-819,SAPU El Roble,SAPU,Metropolitana de Santiago,La Pintana,Servicio de Salud Metropolitano Sur - Oriente,2021-01-01,2026-10-04,2097
09-914,SAPU Esmeralda,SAPU,Metropolitana de Santiago,Colina,Servicio de Salud Metropolitano Norte,2021-01-01,2026-10-02,2096
10-908,SAPU Garín,SAPU,Metropolitana de Santiago,Quinta Normal,Servicio de Salud Metropolitano Occidente,2021-01-01,2026-10-03,2097
14-825,SAPU Granja Sur,SAPU,Metropolitana de Santiago,La Granja,Servicio de Salud Metropolitano Sur - Oriente,2021-01-01,2026-10-01,2098
10-919,SAPU Huamachuco,SAPU,Metropolitana de Santiago,Renca,Servicio de Salud Metropolitano Occidente,2021-01-01,2026-10-03,2100
11-923,SAPU Ignacio Domeyko,SAPU,Metropolitana de Santiago,Santiago,Servicio de Salud Metropolitano Central,2021-01-01,2026-10-04,2103
10-909,SAPU Isla de Maipo,SAPU,Metropolitana de Santiago,Isla de Maipo,Servicio de Salud Metropolitano Occidente,2021-01-01,2026-10-01,2100
14-900,SAPU José Alvo,SAPU,Metropolitana de Santiago,La Florida,Servicio de Salud Metropolitano Sur - Oriente,2021-01-01,2026-10-01,2100
09-811,SAPU José Bauzá Frau,SAPU,Metropolitana de Santiago,Lampa,Servicio de Salud Metropolitano Norte,2021-01-01,2026-09-27,2094
09-821,SAPU Juan Antonio Ríos,SAPU,Metropolitana de Santiago,Independencia,Servicio de Salud Metropolitano Norte,2021-01-01,2026-10-01,1993
13-832,SAPU Juan Pablo II,SAPU,Metropolitana de Santiago,San Bernardo,Servicio de Salud Metropolitano Sur,2021-01-01,2026-10-03,2102
14-826,SAPU Karol Wojtyla,SAPU,Metropolitana de Santiago,Puente Alto,Servicio de Salud Metropolitano Sur - Oriente,2021-01-01,2026-10-03,2071
12-814,SAPU La Faena,SAPU,Metropolitana de Santiago,Peñalolén,Servicio de Salud Metropolitano Oriente,2021-01-01,2026-10-04,2103
13-806,SAPU La Feria,SAPU,Metropolitana de Santiago,Pedro Aguirre Cerda,Servicio de Salud Metropolitano Sur,2021-01-01,2026-10-01,2094
14-831,SAPU La Florida,SAPU,Metropolitana de Santiago,La Florida,Servicio de Salud Metropolitano Sur - Oriente,2021-01-01,2026-09-20,2088
14-806,SAPU La Granja,SAPU,Metropolitana de Santiago,La Granja,Servicio de Salud Metropolitano Sur - Oriente,2021-01-01,2026-10-01,2100
12-903,SAPU La Reina,SAPU,Metropolitana de Santiago,La Reina,Servicio de Salud Metropolitano Oriente,2021-01-01,2026-05-02,1846
09-941,SAPU Libertadores,SAPU,Metropolitana de Santiago,Huechuraba,Servicio de Salud Metropolitano Norte,2021-01-01,2026-10-01,2035
12-807,SAPU Lo Barnechea,SAPU,Metropolitana de Santiago,Lo Barnechea,Servicio de Salud Metropolitano Oriente,2021-01-01,2026-10-03,2102
10-910,SAPU Lo Franco,SAPU,Metropolitana de Santiago,Quinta Normal,Servicio de Salud Metropolitano Occidente,2021-01-01,2026-10-03,2100
12-818,SAPU Lo Hermida,SAPU,Metropolitana de Santiago,Peñalolén,Servicio de Salud Metropolitano Oriente,2021-01-01,2026-10-04,2103
14-802,SAPU Los Castaños,SAPU,Metropolitana de Santiago,La Florida,Servicio de Salud Metropolitano Sur - Oriente,2021-01-01,2026-10-04,2101
14-805,SAPU Los Quillayes,SAPU,Metropolitana de Santiago,La Florida,Servicio de Salud Metropolitano Sur - Oriente,2021-01-01,2026-10-02,2100
09-802,SAPU Lucas Sierra,SAPU,Metropolitana de Santiago,Conchalí,Servicio de Salud Metropolitano Norte,2021-01-01,2026-10-03,2097
10-900,SAPU Luis Chavarría,SAPU,Metropolitana de Santiago,Cerro Navia,Servicio de Salud Metropolitano Occidente,2021-01-01,2026-10-01,2086
11-804,SAPU Maipú,SAPU,Metropolitana de Santiago,Maipú,Servicio de Salud Metropolitano Central,2021-01-01,2026-10-01,2100
10-891,SAPU Marcela Jacques Vargas,SAPU,Metropolitana de Santiago,Talagante,Servicio de Salud Metropolitano Occidente,2021-01-01,2026-09-30,2099
10-914,SAPU María Pinto,SAPU,Metropolitana de Santiago,María Pinto,Servicio de Salud Metropolitano Occidente,2021-01-01,2026-05-07,1940
09-815,SAPU Nº 1 Rodrigo Rojas Denegri,SAPU,Metropolitana de Santiago,Quilicura,Servicio de Salud Metropolitano Norte,2021-01-01,2026-09-30,2096
09-813,SAPU Nº 2 Irene Frei de Cid,SAPU,Metropolitana de Santiago,Quilicura,Servicio de Salud Metropolitano Norte,2021-01-01,2026-09-29,2020
10-911,SAPU Pablo Neruda,SAPU,Metropolitana de Santiago,Lo Prado,Servicio de Salud Metropolitano Occidente,2021-01-01,2026-10-04,2103
14-809,SAPU Pablo de Rokha,SAPU,Metropolitana de Santiago,La Pintana,Servicio de Salud Metropolitano Sur - Oriente,2021-01-01,2026-10-04,2097
13-807,SAPU Padre Esteban Gumucio,SAPU,Metropolitana de Santiago,La Granja,Servicio de Salud Metropolitano Sur - Oriente,2021-01-01,2026-10-01,2095
13-828,SAPU Padre Joan Alsina,SAPU,Metropolitana de Santiago,San Bernardo,Servicio de Salud Metropolitano Sur,2021-01-01,2026-10-03,2088
11-900,SAPU Padre Vicente Irarrázabal,SAPU,Metropolitana de Santiago,Estación Central,Servicio de Salud Metropolitano Central,2021-01-01,2026-10-01,2100
13-818,SAPU Paine,SAPU,Metropolitana de Santiago,Paine,Servicio de Salud Metropolitano Sur,2021-01-01,2026-10-04,2096
10-912,SAPU Peñaflor,SAPU,Metropolitana de Santiago,Peñaflor,Servicio de Salud Metropolitano Occidente,2021-01-01,2026-10-02,2101
14-828,SAPU Poetisa Gabriela Mistral,SAPU,Metropolitana de Santiago,San Ramón,Servicio de Salud Metropolitano Sur - Oriente,2021-01-01,2026-10-04,1984
09-824,SAPU Presidente Salvador Allende Gossens,SAPU,Metropolitana de Santiago,Quilicura,Servicio de Salud Metropolitano Norte,2021-01-01,2026-09-27,2095
10-921,SAPU Pudahuel Poniente,SAPU,Metropolitana de Santiago,Pudahuel,Servicio de Salud Metropolitano Occidente,2021-01-01,2026-10-01,2095
13-830,SAPU Raúl Brañes F.,SAPU,Metropolitana de Santiago,San Bernardo,Servicio de Salud Metropolitano Sur,2021-01-01,2026-10-04,2102
13-813,SAPU Raúl Cuevas (Ex San Bernardo),SAPU,Metropolitana de Santiago,San Bernardo,Servicio de Salud Metropolitano Sur,2021-01-01,2026-10-04,2103
12-810,SAPU Rosita Renard,SAPU,Metropolitana de Santiago,Ñuñoa,Servicio de Salud Metropolitano Oriente,2021-01-01,2026-10-04,2103
14-812,SAPU San Gerónimo,SAPU,Metropolitana de Santiago,Puente Alto,Servicio de Salud Metropolitano Sur - Oriente,2021-01-01,2026-10-03,2073
11-806,SAPU San José de Chuchunco,SAPU,Metropolitana de Santiago,Estación Central,Servicio de Salud Metropolitano Central,2021-01-01,2026-10-04,2103
12-815,SAPU San Luis,SAPU,Metropolitana de Santiago,Peñalolén,Servicio de Salud Metropolitano Oriente,2021-01-01,2026-10-04,2103
14-808,SAPU San Rafael,SAPU,Metropolitana de Santiago,La Pintana,Servicio de Salud Metropolitano Sur - Oriente,2021-01-01,2026-10-03,2101
14-814,SAPU San Ramón,SAPU,Metropolitana de Santiago,San Ramón,Servicio de Salud Metropolitano Sur - Oriente,2021-01-01,2026-10-04,2095
14-824,SAPU Santa Amalia,SAPU,Metropolitana de Santiago,La Florida,Servicio de Salud Metropolitano Sur - Oriente,2021-01-01,2026-09-27,2092
10-922,SAPU Santa Anita,SAPU,Metropolitana de Santiago,Lo Prado,Servicio de Salud Metropolitano Occidente,2021-01-01,2026-10-04,2102
12-813,SAPU Santa Julia,SAPU,Metropolitana de Santiago,Macul,Servicio de Salud Metropolitano Oriente,2021-01-01,2026-10-01,2100
13-910,SAPU Santa Laura,SAPU,Metropolitana de Santiago,El Bosque,Servicio de Salud Metropolitano Sur,2021-01-01,2026-10-01,2100
10-867,SAPU Santa Rosa de Chena,SAPU,Metropolitana de Santiago,Padre Hurtado,Servicio de Salud Metropolitano Occidente,2021-01-01,2026-10-02,2101
13-822,SAPU Santa Teresa de Los Andes,SAPU,Metropolitana de Santiago,San Joaquín,Servicio de Salud Metropolitano Sur,2021-01-01,2026-10-03,2102
14-811,SAPU Santiago de Nueva Extremadura,SAPU,Metropolitana de Santiago,La Pintana,Servicio de Salud Metropolitano Sur - Oriente,2021-01-01,2026-10-04,2099
14-817,SAPU Santo Tomás,SAPU,Metropolitana de Santiago,La Pintana,Servicio de Salud Metropolitano Sur - Oriente,2021-01-01,2026-09-29,2091
14-951,SAPU Trinidad,SAPU,Metropolitana de Santiago,La Florida,Servicio de Salud Metropolitano Sur - Oriente,2021-01-01,2026-09-27,2095
201666,SAPU VITACURA,SAPU,Metropolitana de Santiago,Vitacura,Servicio de Salud Metropolitano Oriente,2026-01-01,2026-10-03,276
09-804,SAPU Valdivieso,SAPU,Metropolitana de Santiago,Recoleta,Servicio de Salud Metropolitano Norte,2021-01-01,2026-10-03,1854
14-804,SAPU Villa O'Higgins,SAPU,Metropolitana de Santiago,La Florida,Servicio de Salud Metropolitano Sur - Oriente,2021-01-01,2026-10-03,2100
10-913,SAPU Violeta Parra,SAPU,Metropolitana de Santiago,Pudahuel,Servicio de Salud Metropolitano Occidente,2021-01-01,2026-09-27,2094
10-915,SAR Bicentenario,SAR,Metropolitana de Santiago,Renca,Servicio de Salud Metropolitano Occidente,2021-01-01,2026-10-01,2100
12-816,SAR Carol Urzúa Ibáñez,SAR,Metropolitana de Santiago,Peñalolén,Servicio de Salud Metropolitano Oriente,2021-01-01,2026-10-03,2102
201853,SAR Centro de Urgencia Ñuñoa,SAR,Metropolitana de Santiago,Ñuñoa,Servicio de Salud Metropolitano Oriente,2026-01-24,2026-10-04,253
09-810,SAR Colina,SAR,Metropolitana de Santiago,Colina,Servicio de Salud Metropolitano Norte,2021-01-01,2026-10-01,2098
09-809,SAR Conchalí,SAR,Metropolitana de Santiago,Conchalí,Servicio de Salud Metropolitano Norte,2021-01-01,2026-10-01,2061
13-803,SAR Dr. Amador Neghme R.,SAR,Metropolitana de Santiago,Pedro Aguirre Cerda,Servicio de Salud Metropolitano Sur,2021-01-01,2026-10-04,2103
202221,SAR Dr. Gustavo Molina,SAR,Metropolitana de Santiago,Pudahuel,Servicio de Salud Metropolitano Occidente,2025-11-04,2026-10-01,301
10-907,SAR Dr. Raúl Yazigi,SAR,Metropolitana de Santiago,Lo Prado,Servicio de Salud Metropolitano Occidente,2021-01-01,2026-10-03,2099
201712,SAR ELSA ROMO ARAVENA,SAR,Metropolitana de Santiago,Melipilla,Servicio de Salud Metropolitano Occidente,2024-11-29,2026-09-29,669
11-903,SAR Enfermera Sofía Pincheira,SAR,Metropolitana de Santiago,Cerrillos,Servicio de Salud Metropolitano Central,2021-01-01,2026-10-03,2102
13-911,SAR Enrique Molina,SAR,Metropolitana de Santiago,San Joaquín,Servicio de Salud Metropolitano Sur,2021-01-01,2026-10-03,2102
13-829,SAR Eugenia Muñoz Dalmatín,SAR,Metropolitana de Santiago,San Bernardo,Servicio de Salud Metropolitano Sur,2021-01-01,2026-10-04,2102
13-823,SAR Haydee López,SAR,Metropolitana de Santiago,El Bosque,Servicio de Salud Metropolitano Sur,2021-01-01,2026-10-04,2103
13-809,SAR Julio Acuña Pinzón,SAR,Metropolitana de Santiago,Lo Espejo,Servicio de Salud Metropolitano Sur,2021-01-01,2026-09-27,2091
201848,SAR LA REINA,SAR,Metropolitana de Santiago,La Reina,Servicio de Salud Metropolitano Oriente,2026-01-01,2026-10-03,272
14-807,SAR La Bandera,SAR,Metropolitana de Santiago,San Ramón,Servicio de Salud Metropolitano Sur - Oriente,2021-01-01,2026-10-04,2096
10-920,SAR La Estrella,SAR,Metropolitana de Santiago,Pudahuel,Servicio de Salud Metropolitano Occidente,2021-01-01,2026-10-01,2100
09-805,SAR La Pincoya,SAR,Metropolitana de Santiago,Huechuraba,Servicio de Salud Metropolitano Norte,2021-01-01,2026-10-04,2101
201632,SAR Michelle Bachelet,SAR,Metropolitana de Santiago,Maipú,Servicio de Salud Metropolitano Central,2024-08-09,2026-10-03,786
10-929,SAR Oriente María Eugenia Torres,SAR,Metropolitana de Santiago,Talagante,Servicio de Salud Metropolitano Occidente,2021-01-01,2026-10-01,2100
14-822,SAR Padre Manuel Villaseca,SAR,Metropolitana de Santiago,Puente Alto,Servicio de Salud Metropolitano Sur - Oriente,2021-01-01,2026-10-03,2095
09-801,SAR Recoleta,SAR,Metropolitana de Santiago,Recoleta,Servicio de Salud Metropolitano Norte,2021-01-01,2026-10-04,2083
10-860,SAR Renca,SAR,Metropolitana de Santiago,Renca,Servicio de Salud Metropolitano Occidente,2021-01-01,2026-10-01,2100
13-802,SAR San Miguel,SAR,Metropolitana de Santiago,San Miguel,Servicio de Salud Metropolitano Sur,2021-01-01,2026-10-03,2099
202232,SAR Santa Anselma,SAR,Metropolitana de Santiago,La Cisterna,Servicio de Salud Metropolitano Sur,2026-01-01,2026-10-03,276
10-939,SAR Violeta Parra,SAR,Metropolitana de Santiago,Pudahuel,Servicio de Salud Metropolitano Occidente,2021-04-18,2026-10-01,1368
13-919,SUR Alto Jahuel,SUR,Metropolitana de Santiago,Buin,Servicio de Salud Metropolitano Sur,2021-01-01,2026-10-01,2014
09-909,SUR Batuco,SUR,Metropolitana de Santiago,Lampa,Servicio de Salud Metropolitano Norte,2021-01-01,2026-09-27,2081
13-922,SUR Dr. Raúl Moya,SUR,Metropolitana de Santiago,Paine,Servicio de Salud Metropolitano Sur,2021-01-01,2026-09-30,1874
09-911,SUR Huertos Familiares,SUR,Metropolitana de Santiago,Tiltil,Servicio de Salud Metropolitano Norte,2021-01-01,2026-10-03,1458
10-932,SUR Isla de Maipo,SUR,Metropolitana de Santiago,Isla de Maipo,Servicio de Salud Metropolitano Occidente,2021-01-01,2026-10-01,2098
202306,SUR Juan Pablo II,SUR,Metropolitana de Santiago,Lampa,Servicio de Salud Metropolitano Norte,2026-06-14,2026-09-27,106
13-920,SUR Los Bajos de San Agustín,SUR,Metropolitana de Santiago,Calera de Tango,Servicio de Salud Metropolitano Sur,2021-01-01,2026-09-30,2098
13-921,SUR Maipo,SUR,Metropolitana de Santiago,Buin,Servicio de Salud Metropolitano Sur,2021-01-01,2026-10-01,2027
10-933,SUR San Pedro,SUR,Metropolitana de Santiago,San Pedro,Servicio de Salud Metropolitano Occidente,2021-01-01,2026-09-27,2090
10-934,SUR Villa Alhué,SUR,Metropolitana de Santiago,Alhué,Servicio de Salud Metropolitano Occidente,2021-01-01,2026-10-03,2095
201438,Servicio de Urgencia Rural SUR Irene Frei Montalva,SUR,Metropolitana de Santiago,Pudahuel,Servicio de Salud Metropolitano Occidente,2024-01-01,2026-09-28,994
02-905,Centro Comunitario de Salud Familiar La Tortuga,CEAR,,,,2021-02-18,2021-02-18,1
33-910,Centro Comunitario de Salud Familiar Villa Aytue,CEAR,,,,2021-01-01,2022-05-01,486
02-307,Centro de Salud Familiar Dr. Héctor Reyno Gutiérrez,SAPU,,,,2021-01-01,2022-06-19,399
02-805,SAPU Pedro Pulgar Melgarejo,SAPU,,,,2021-01-01,2021-12-31,364
20-924,SUR Canteras Villa Mercedes,SUR,,,,2022-03-30,2022-03-30,1
21-937,SUR Lican Ray,SUR,,,,2022-10-18,2022-10-18,1
05-933,SUR Paihuano,SUR,,,,2021-01-01,2021-11-02,16
20-925,SUR Quilaco,SUR,,,,2021-05-11,2021-05-11,1
17-923,SUR Santa Clara,SUR,,,,2021-01-01,2021-12-31,365
20-923,SUR Yumbel Estación,SUR,,,,2021-01-01,2021-04-05,26
17-803,,SAPU,,,,2021-01-01,2024-07-11,1288
